START_DATE,END_DATE,CATEGORY,START,STOP,MILES,PURPOSE
1/1/2016,1/1/2016,Business,Fort Pierce,Fort Pierce,5.1,Meal/Entertain
1/2/2016,1/2/2016,Business,Fort Pierce,Fort Pierce,5,
1/2/2016,1/2/2016,Business,Fort Pierce,Fort Pierce,4.8,Errand/Supplies
1/5/2016,1/5/2016,Business,Fort Pierce,Fort Pierce,4.7,Meeting
1/6/2016,1/6/2016,Business,Fort Pierce,West Palm Beach,63.7,Customer Visit
1/6/2016,1/6/2016,Business,West Palm Beach,West Palm Beach,4.3,Meal/Entertain
1/6/2016,1/6/2016,Business,West Palm Beach,Palm Beach,7.1,Meeting
1/7/2016,1/7/2016,Business,Cary,Cary,0.8,Meeting
1/10/2016,1/10/2016,Business,Cary,Morrisville,8.3,Meeting
1/10/2016,1/10/2016,Business,Jamaica,New York,16.5,Customer Visit
1/10/2016,1/10/2016,Business,New York,Queens,10.8,Meeting
1/10/2016,1/10/2016,Business,Elmhurst,New York,7.5,Meeting
1/10/2016,1/10/2016,Business,Midtown,East Harlem,6.2,Meeting
1/11/2016,1/11/2016,Business,East Harlem,NoMad,6.4,Temporary Site
1/11/2016,1/11/2016,Business,Flatiron District,Midtown,1.6,Errand/Supplies
1/11/2016,1/11/2016,Business,Midtown,Midtown East,1.7,Meal/Entertain
1/11/2016,1/11/2016,Business,Midtown East,Midtown,1.9,Meal/Entertain
1/12/2016,1/12/2016,Business,Midtown,Hudson Square,1.9,Meal/Entertain
1/12/2016,1/12/2016,Business,Hudson Square,Lower Manhattan,4,Meal/Entertain
1/12/2016,1/12/2016,Business,Lower Manhattan,Hudson Square,1.8,Errand/Supplies
1/12/2016,1/12/2016,Business,Hudson Square,Hell's Kitchen,2.4,Customer Visit
1/12/2016,1/12/2016,Business,Hell's Kitchen,Midtown,2,Errand/Supplies
1/12/2016,1/12/2016,Business,New York,Queens County,15.1,Meeting
1/13/2016,1/13/2016,Business,Downtown,Gulfton,11.2,Meeting
1/13/2016,1/13/2016,Business,Gulfton,Downtown,11.8,Meeting
1/14/2016,1/14/2016,Business,Houston,Houston,21.9,Customer Visit
1/14/2016,1/14/2016,Business,Eagan Park,Jamestown Court,3.9,Errand/Supplies
1/15/2016,1/15/2016,Business,Morrisville,Cary,8,Errand/Supplies
1/15/2016,1/15/2016,Business,Cary,Durham,10.4,Meal/Entertain
1/15/2016,1/15/2016,Business,Durham,Cary,10.4,Meal/Entertain
1/18/2016,1/18/2016,Business,Cary,Cary,4.8,Meal/Entertain
1/18/2016,1/18/2016,Business,Farmington Woods,Whitebridge,4.7,Meal/Entertain
1/19/2016,1/19/2016,Business,Whitebridge,Lake Wellingborough,7.2,
1/19/2016,1/19/2016,Business,Lake Wellingborough,Whitebridge,7.6,Temporary Site
1/20/2016,1/20/2016,Business,Cary,Raleigh,17.1,Meeting
1/20/2016,1/20/2016,Business,Fayetteville Street,Umstead,15.1,Meeting
1/20/2016,1/20/2016,Business,Raleigh,Cary,40.2,Customer Visit
1/21/2016,1/21/2016,Business,Cary,Cary,1.6,Errand/Supplies
1/21/2016,1/21/2016,Business,Cary,Cary,2.4,Meal/Entertain
1/21/2016,1/21/2016,Business,Cary,Cary,1,Meal/Entertain
1/26/2016,1/26/2016,Business,Whitebridge,Hazelwood,2,Meal/Entertain
1/26/2016,1/26/2016,Business,Hazelwood,Whitebridge,2.3,Errand/Supplies
1/26/2016,1/26/2016,Business,Whitebridge,Westpark Place,1.9,Errand/Supplies
1/26/2016,1/26/2016,Business,Cary,Cary,1.4,Errand/Supplies
1/26/2016,1/26/2016,Business,Cary,Cary,0.5,Errand/Supplies
1/27/2016,1/27/2016,Business,Cary,Cary,1.8,Meeting
1/27/2016,1/27/2016,Business,Cary,Raleigh,18.7,Customer Visit
1/27/2016,1/27/2016,Business,Fairmont,Meredith Townes,3.4,Customer Visit
1/27/2016,1/27/2016,Business,Raleigh,Raleigh,2.7,Customer Visit
1/27/2016,1/27/2016,Business,Raleigh,Cary,12.9,Customer Visit
1/28/2016,1/28/2016,Business,Cary,Raleigh,19,Temporary Site
1/28/2016,1/28/2016,Business,Meredith Townes,Leesville Hollow,14.7,Meeting
1/28/2016,1/28/2016,Business,Raleigh,Cary,15.7,Meeting
1/29/2016,1/29/2016,Business,Cary,Cary,4.6,Customer Visit
1/29/2016,1/29/2016,Business,Cary,Cary,5.2,Meeting
1/29/2016,1/29/2016,Business,Cary,Durham,10.4,Meeting
1/29/2016,1/29/2016,Business,Durham,Cary,10.1,Meeting
1/29/2016,1/29/2016,Business,Cary,Apex,5.8,Errand/Supplies
1/29/2016,1/29/2016,Business,Apex,Cary,5.5,Meal/Entertain
1/30/2016,1/30/2016,Business,Cary,Apex,5.7,Errand/Supplies
1/30/2016,1/30/2016,Business,Apex,Cary,5.7,Customer Visit
2/1/2016,2/1/2016,Business,Cary,Chapel Hill,19.4,Customer Visit
2/1/2016,2/1/2016,Business,Chapel Hill,Cary,23.3,Customer Visit
2/1/2016,2/1/2016,Business,Northwoods,Whitebridge,3.9,Meal/Entertain
2/2/2016,2/2/2016,Business,Whitebridge,Williamsburg Manor,8.3,Meeting
2/2/2016,2/2/2016,Business,Cary,Cary,6,Errand/Supplies
2/2/2016,2/2/2016,Business,Cary,Cary,1.6,Errand/Supplies
2/4/2016,2/4/2016,Business,Cary,Morrisville,5.2,Errand/Supplies
2/4/2016,2/4/2016,Business,Morrisville,Cary,9.7,Meal/Entertain
2/4/2016,2/4/2016,Business,Cary,Cary,1.6,Meal/Entertain
2/4/2016,2/4/2016,Business,Cary,Cary,1.1,Meal/Entertain
2/4/2016,2/4/2016,Business,Cary,Cary,1.6,Meal/Entertain
2/4/2016,2/4/2016,Business,Whitebridge,Macgregor Downs,9,Meeting
2/4/2016,2/4/2016,Business,Cary,Cary,7.7,Meeting
2/5/2016,2/5/2016,Business,Cary,Durham,10.4,Meeting
2/5/2016,2/5/2016,Business,Durham,Cary,10.4,Meeting
2/6/2016,2/6/2016,Business,Cary,Raleigh,11.4,Between Offices
2/6/2016,2/6/2016,Business,Raleigh,Cary,9,Errand/Supplies
2/6/2016,2/6/2016,Business,Edgehill Farms,Whitebridge,3.2,Meal/Entertain
2/7/2016,2/7/2016,Business,Cary,Apex,5.6,Errand/Supplies
2/7/2016,2/7/2016,Business,Apex,Cary,5.7,Customer Visit
2/7/2016,2/7/2016,Business,Cary,Morrisville,6.1,Temporary Site
2/7/2016,2/7/2016,Business,Morrisville,Cary,6.1,Meeting
2/8/2016,2/8/2016,Business,Whitebridge,Edgehill Farms,4.3,Meal/Entertain
2/8/2016,2/8/2016,Business,Edgehill Farms,Whitebridge,2.7,Meal/Entertain
2/9/2016,2/9/2016,Personal,Whitebridge,Northwoods,5.3,
2/9/2016,2/9/2016,Personal,Northwoods,Tanglewood,3,
2/9/2016,2/9/2016,Personal,Tanglewood,Preston,5.1,
2/9/2016,2/9/2016,Personal,Preston,Whitebridge,1.5,
2/9/2016,2/9/2016,Business,Cary,Morrisville,6.1,
2/9/2016,2/9/2016,Business,Morrisville,Cary,6.1,Meal/Entertain
2/11/2016,2/11/2016,Business,Cary,Raleigh,17.3,Meal/Entertain
2/11/2016,2/11/2016,Business,Eastgate,Walnut Terrace,5.7,Meal/Entertain
2/11/2016,2/11/2016,Business,Raleigh,Morrisville,13.5,Temporary Site
2/11/2016,2/11/2016,Business,Morrisville,Cary,6.1,Temporary Site
2/12/2016,2/12/2016,Business,Cary,Durham,8.5,Temporary Site
2/12/2016,2/12/2016,Business,Durham,Morrisville,2.6,Temporary Site
2/12/2016,2/12/2016,Business,Morrisville,Raleigh,17,Customer Visit
2/12/2016,2/12/2016,Business,Raleigh,Cary,18,Meeting
2/12/2016,2/12/2016,Business,Cary,Morrisville,8.4,Meeting
2/12/2016,2/12/2016,Business,Morrisville,Cary,11.5,Customer Visit
2/13/2016,2/13/2016,Business,Cary,Morrisville,8.9,Meeting
2/13/2016,2/14/2016,Personal,East Elmhurst,Jackson Heights,2.7,
2/14/2016,2/14/2016,Personal,Jackson Heights,East Elmhurst,1.8,
2/14/2016,2/14/2016,Business,East Elmhurst,New York,8.1,Meeting
2/14/2016,2/14/2016,Business,Midtown,Midtown West,2,Meeting
2/14/2016,2/14/2016,Business,New York,Long Island City,13,Meeting
2/14/2016,2/14/2016,Business,Long Island City,Jamaica,13.9,Meeting
2/16/2016,2/16/2016,Business,Katunayaka,Unknown Location,43.7,Customer Visit
2/16/2016,2/16/2016,Business,Unknown Location,Colombo,14.1,
2/16/2016,2/16/2016,Business,Colombo,Colombo,2.6,
2/16/2016,2/16/2016,Business,Colombo,Colombo,4.5,
2/16/2016,2/16/2016,Business,Colombo,Colombo,1.7,
2/16/2016,2/16/2016,Business,Colombo,Colombo,1.8,Temporary Site
2/16/2016,2/16/2016,Business,Colombo,Colombo,6,
2/16/2016,2/16/2016,Business,Colombo,Nugegoda,1.1,Meal/Entertain
2/16/2016,2/16/2016,Business,Nugegoda,Unknown Location,3.6,Errand/Supplies
2/17/2016,2/17/2016,Business,Unknown Location,Colombo,14.7,Temporary Site
2/17/2016,2/17/2016,Business,Colombo,Colombo,1.7,Meal/Entertain
2/17/2016,2/17/2016,Business,Colombo,Katunayaka,21.4,Temporary Site
2/17/2016,2/17/2016,Business,Katunayaka,Katunayaka,0.5,Errand/Supplies
2/18/2016,2/18/2016,Business,Unknown Location,Unknown Location,23.5,Temporary Site
2/18/2016,2/18/2016,Business,Unknown Location,Islamabad,12.7,Temporary Site
2/18/2016,2/18/2016,Business,Islamabad,Unknown Location,6,Temporary Site
2/18/2016,2/18/2016,Business,Unknown Location,Islamabad,5.2,Customer Visit
2/18/2016,2/18/2016,Business,Islamabad,Unknown Location,10,Meeting
2/19/2016,2/19/2016,Business,Unknown Location,Unknown Location,18.3,Meeting
2/19/2016,2/19/2016,Business,Unknown Location,Unknown Location,11.2,Meeting
2/19/2016,2/19/2016,Business,Unknown Location,Islamabad,7.6,Meeting
2/19/2016,2/19/2016,Personal,Islamabad,Islamabad,1.5,
2/19/2016,2/19/2016,Personal,Islamabad,Islamabad,1,
2/19/2016,2/19/2016,Business,Islamabad,Unknown Location,7.3,Temporary Site
2/19/2016,2/19/2016,Business,Unknown Location,Islamabad,3.5,
2/19/2016,2/19/2016,Business,Islamabad,Islamabad,4.2,
2/19/2016,2/19/2016,Personal,Islamabad,Unknown Location,13.6,
2/19/2016,2/19/2016,Personal,Unknown Location,Unknown Location,2.5,
2/20/2016,2/20/2016,Personal,Unknown Location,Islamabad,14.4,
2/20/2016,2/20/2016,Personal,Islamabad,Islamabad,3,
2/20/2016,2/20/2016,Personal,Islamabad,Islamabad,1.5,
2/20/2016,2/20/2016,Business,Islamabad,R?walpindi,18.4,
2/20/2016,2/20/2016,Business,R?walpindi,R?walpindi,23.1,Meeting
2/20/2016,2/20/2016,Personal,R?walpindi,Unknown Location,16.5,
2/20/2016,2/20/2016,Business,Unknown Location,Unknown Location,3.2,Errand/Supplies
2/20/2016,2/20/2016,Business,Unknown Location,Unknown Location,7.7,Errand/Supplies
2/21/2016,2/21/2016,Business,Unknown Location,Islamabad,14.5,
2/21/2016,2/21/2016,Business,Unknown Location,Islamabad,2.4,Errand/Supplies
2/21/2016,2/21/2016,Business,Islamabad,Islamabad,4.6,Errand/Supplies
2/21/2016,2/21/2016,Business,Islamabad,Unknown Location,8.8,Meal/Entertain
2/21/2016,2/21/2016,Business,Unknown Location,Unknown Location,8.3,Temporary Site
2/21/2016,2/21/2016,Business,Unknown Location,Unknown Location,22.7,Temporary Site
2/21/2016,2/21/2016,Business,Unknown Location,Islamabad,13,Temporary Site
2/21/2016,2/21/2016,Business,Islamabad,Noorpur Shahan,8.1,Temporary Site
2/21/2016,2/21/2016,Business,Noorpur Shahan,Unknown Location,2.2,Meal/Entertain
2/21/2016,2/21/2016,Business,Unknown Location,Unknown Location,9.7,
2/21/2016,2/21/2016,Business,Unknown Location,R?walpindi,20,Meeting
2/22/2016,2/22/2016,Business,Morrisville,Cary,8.1,Customer Visit
2/24/2016,2/24/2016,Business,Whitebridge,Preston,1.5,
2/24/2016,2/24/2016,Business,Preston,Whitebridge,1.7,Errand/Supplies
2/25/2016,2/25/2016,Business,Whitebridge,Heritage Pines,3.1,Errand/Supplies
2/25/2016,2/25/2016,Business,Heritage Pines,Whitebridge,3.2,Errand/Supplies
2/25/2016,2/25/2016,Business,Whitebridge,Tanglewood,6,Meal/Entertain
2/25/2016,2/25/2016,Business,Tanglewood,Whitebridge,5.8,Meal/Entertain
2/26/2016,2/26/2016,Business,Whitebridge,Westpark Place,6.3,
2/26/2016,2/26/2016,Personal,Westpark Place,Whitebridge,1.7,
2/26/2016,2/26/2016,Business,Cary,Durham,10.6,Meeting
2/26/2016,2/26/2016,Business,Durham,Cary,9.9,Meeting
2/26/2016,2/26/2016,Personal,Whitebridge,Westpark Place,1.9,
2/26/2016,2/26/2016,Personal,Westpark Place,Hazelwood,4.2,
2/26/2016,2/26/2016,Personal,Hazelwood,Whitebridge,2,
2/28/2016,2/28/2016,Business,Whitebridge,Waverly Place,7.7,Meeting
2/28/2016,2/28/2016,Business,Waverly Place,Whitebridge,6.8,Meeting
2/29/2016,2/29/2016,Personal,Whitebridge,Westpark Place,2.1,
2/29/2016,2/29/2016,Business,Cary,Apex,3.8,Meeting
2/29/2016,2/29/2016,Business,Apex,Cary,5.6,Meeting
2/29/2016,2/29/2016,Business,Whitebridge,Hazelwood,2.6,
2/29/2016,2/29/2016,Business,Hazelwood,Whitebridge,6.6,Customer Visit
3/1/2016,3/1/2016,Business,Whitebridge,Wayne Ridge,8,Meal/Entertain
3/1/2016,3/1/2016,Business,Wayne Ridge,Whitebridge,8,Meeting
3/3/2016,3/3/2016,Personal,Whitebridge,Westpark Place,2.2,
3/3/2016,3/3/2016,Business,Westpark Place,Whitebridge,2.3,Errand/Supplies
3/3/2016,3/3/2016,Business,Whitebridge,Northwoods,5.2,Meal/Entertain
3/3/2016,3/3/2016,Business,Cary,Raleigh,7.6,Customer Visit
3/3/2016,3/3/2016,Business,Raleigh,Cary,17.3,Meeting
3/4/2016,3/4/2016,Business,Cary,Durham,9.9,Meeting
3/4/2016,3/4/2016,Business,Durham,Cary,9.9,Customer Visit
3/4/2016,3/4/2016,Business,Cary,Durham,10.4,Meeting
3/4/2016,3/4/2016,Business,Durham,Cary,10.9,Meeting
3/4/2016,3/4/2016,Business,Cary,Raleigh,15.7,Customer Visit
3/4/2016,3/4/2016,Business,Raleigh,Raleigh,4.9,Meal/Entertain
3/4/2016,3/4/2016,Business,Fayetteville Street,Depot Historic District,0.8,Errand/Supplies
3/4/2016,3/4/2016,Business,Raleigh,Cary,13.5,Meeting
3/4/2016,3/4/2016,Business,Cary,Morrisville,1.9,Temporary Site
3/4/2016,3/4/2016,Business,Morrisville,Cary,2,Meal/Entertain
3/5/2016,3/5/2016,Business,Cary,Morrisville,6.5,Meal/Entertain
3/5/2016,3/5/2016,Personal,Weston,Weston,4.2,
3/5/2016,3/5/2016,Personal,Morrisville,Cary,3.5,
3/5/2016,3/5/2016,Business,Whitebridge,Wayne Ridge,7.8,Meal/Entertain
3/5/2016,3/5/2016,Business,Cary,Morrisville,7.8,Meal/Entertain
3/5/2016,3/5/2016,Business,Morrisville,Cary,3.9,Meal/Entertain
3/7/2016,3/7/2016,Business,Whitebridge,Edgehill Farms,2.8,Errand/Supplies
3/7/2016,3/7/2016,Business,Cary,Raleigh,12.4,Customer Visit
3/7/2016,3/7/2016,Business,Fayetteville Street,Meredith Townes,5.9,Customer Visit
3/7/2016,3/7/2016,Business,Meredith Townes,Leesville Hollow,9.4,Meeting
3/7/2016,3/7/2016,Business,Raleigh,Cary,11.9,Between Offices
3/8/2016,3/8/2016,Business,Whitebridge,Waverly Place,7.2,Between Offices
3/8/2016,3/8/2016,Business,Waverly Place,Whitebridge,7.6,Meal/Entertain
3/8/2016,3/8/2016,Personal,Whitebridge,Whitebridge,1.6,
3/10/2016,3/10/2016,Business,Cary,Morrisville,8.4,Meeting
3/10/2016,3/10/2016,Business,East Austin,West University,12.8,Meeting
3/10/2016,3/10/2016,Business,West University,South Congress,2.3,
3/10/2016,3/10/2016,Business,South Congress,Arts District,1.6,
3/11/2016,3/11/2016,Business,The Drag,Congress Ave District,2,Meal/Entertain
3/11/2016,3/11/2016,Business,Congress Ave District,Downtown,0.8,
3/11/2016,3/11/2016,Business,Downtown,Red River District,1.2,
3/11/2016,3/11/2016,Business,Red River District,Downtown,1,
3/11/2016,3/11/2016,Business,South Congress,The Drag,2.1,
3/12/2016,3/12/2016,Business,The Drag,South Congress,2.2,
3/12/2016,3/12/2016,Personal,South Congress,The Drag,1.9,
3/13/2016,3/13/2016,Business,The Drag,Convention Center District,5.7,Meal/Entertain
3/13/2016,3/13/2016,Business,South Congress,North Austin,8.4,Meal/Entertain
3/13/2016,3/13/2016,Business,Georgian Acres,The Drag,6.2,Meal/Entertain
3/13/2016,3/13/2016,Business,The Drag,North Austin,10.5,Meal/Entertain
3/13/2016,3/13/2016,Business,North Austin,Coxville,7.2,Meal/Entertain
3/13/2016,3/13/2016,Business,Coxville,The Drag,12.5,
3/14/2016,3/14/2016,Business,The Drag,South Congress,2,Errand/Supplies
3/14/2016,3/14/2016,Business,South Congress,The Drag,2.7,
3/15/2016,3/15/2016,Business,The Drag,Convention Center District,2,Meal/Entertain
3/15/2016,3/15/2016,Business,Downtown,The Drag,2.8,Meal/Entertain
3/16/2016,3/16/2016,Business,The Drag,Congress Ave District,1.7,Meal/Entertain
3/16/2016,3/16/2016,Business,Convention Center District,West University,2,
3/16/2016,3/16/2016,Business,West University,Congress Ave District,2.1,Meal/Entertain
3/17/2016,3/17/2016,Personal,Downtown,The Drag,1.7,
3/17/2016,3/17/2016,Business,Austin,Katy,136,Customer Visit
3/17/2016,3/17/2016,Business,Katy,Houston,30.2,Meeting
3/17/2016,3/17/2016,Business,Midtown,Alief,15.5,Meal/Entertain
3/17/2016,3/17/2016,Personal,Houston,Houston,4.9,
3/17/2016,3/17/2016,Personal,Houston,Houston,12.6,
3/17/2016,3/17/2016,Personal,Sharpstown,Midtown,10.4,
3/18/2016,3/18/2016,Business,Midtown,Midtown,1.1,Meal/Entertain
3/18/2016,3/18/2016,Business,Midtown,Midtown,1.1,Meal/Entertain
3/18/2016,3/18/2016,Business,Midtown,Sharpstown,13.2,Meeting
3/18/2016,3/18/2016,Business,Sharpstown,Sharpstown,1,Errand/Supplies
3/18/2016,3/18/2016,Business,Sharpstown,Midtown,9.2,Customer Visit
3/19/2016,3/19/2016,Business,Midtown,Sharpstown,9.4,Meal/Entertain
3/19/2016,3/19/2016,Business,Houston,Sugar Land,12,Customer Visit
3/19/2016,3/19/2016,Business,Sugar Land,Houston,35.1,Customer Visit
3/19/2016,3/19/2016,Business,Houston,Galveston,36.5,Meal/Entertain
3/19/2016,3/19/2016,Business,Galveston,Port Bolivar,3.1,Meal/Entertain
3/19/2016,3/19/2016,Business,Port Bolivar,Port Bolivar,2.1,Errand/Supplies
3/19/2016,3/19/2016,Business,Port Bolivar,Port Bolivar,1.2,
3/19/2016,3/19/2016,Business,Port Bolivar,Galveston,7.5,Meeting
3/19/2016,3/19/2016,Business,Galveston,Houston,57,Customer Visit
3/20/2016,3/20/2016,Business,Midtown,Washington Avenue,5.9,Meeting
3/20/2016,3/20/2016,Business,Washington Avenue,Midtown,6.2,Meeting
3/20/2016,3/20/2016,Business,Midtown,Sharpstown,10.4,
3/20/2016,3/20/2016,Personal,Sharpstown,Briar Meadow,1.2,
3/20/2016,3/20/2016,Business,Briar Meadow,Midtown,9.6,Customer Visit
3/21/2016,3/21/2016,Personal,Midtown,Downtown,1,
3/21/2016,3/21/2016,Business,Downtown,Midtown,0.9,Meal/Entertain
3/21/2016,3/21/2016,Business,Midtown,Sharpstown,8.8,
3/21/2016,3/21/2016,Business,Sharpstown,Midtown,25.6,Meal/Entertain
3/22/2016,3/22/2016,Business,Midtown,Greater Greenspoint,23,Meal/Entertain
3/22/2016,3/22/2016,Personal,Morrisville,Cary,8.1,
3/22/2016,3/22/2016,Personal,Whitebridge,Whitebridge,1.4,
3/23/2016,3/23/2016,Personal,Whitebridge,Preston,1.7,
3/23/2016,3/23/2016,Personal,Preston,Whitebridge,1.6,
3/24/2016,3/24/2016,Personal,Whitebridge,Westpark Place,2,
3/24/2016,3/24/2016,Business,Westpark Place,Whitebridge,2.2,
3/25/2016,3/25/2016,Business,Cary,Latta,144,Customer Visit
3/25/2016,3/25/2016,Business,Latta,Jacksonville,310.3,Customer Visit
3/25/2016,3/26/2016,Business,Jacksonville,Kissimmee,201,Meeting
3/26/2016,3/26/2016,Personal,Couples Glen,Isles of Buena Vista,6.7,
3/26/2016,3/26/2016,Personal,Kissimmee,Orlando,8.8,
3/26/2016,3/26/2016,Personal,Lake Reams,Lake Reams,1.2,
3/27/2016,3/27/2016,Business,Lake Reams,Lake Reams,2.1,Errand/Supplies
3/27/2016,3/27/2016,Business,Orlando,Kissimmee,6.6,Meal/Entertain
3/27/2016,3/27/2016,Business,Kissimmee,Orlando,6.1,Customer Visit
3/27/2016,3/27/2016,Personal,Orlando,Orlando,6.9,
3/27/2016,3/27/2016,Personal,Orlando,Kissimmee,7.3,
3/28/2016,3/28/2016,Personal,Kissimmee,Orlando,3.6,
3/28/2016,3/28/2016,Personal,Couples Glen,Vista East,27.2,
3/28/2016,3/28/2016,Personal,Orlando,Kissimmee,25.7,
3/29/2016,3/29/2016,Personal,Kissimmee,Orlando,13.6,
3/29/2016,3/29/2016,Personal,Sand Lake Commons,Sky Lake,6.2,
3/29/2016,3/29/2016,Personal,Sky Lake,Sand Lake Commons,6,
3/29/2016,3/29/2016,Personal,Orlando,Kissimmee,13.8,
3/30/2016,3/30/2016,Business,Orlando,Kissimmee,28.8,Meal/Entertain
3/31/2016,3/31/2016,Business,Kissimmee,Orlando,16.1,Temporary Site
3/31/2016,3/31/2016,Business,Orlando,Kissimmee,16.4,Meal/Entertain
4/1/2016,4/1/2016,Business,Kissimmee,Kissimmee,11,Meeting
4/1/2016,4/1/2016,Business,Kissimmee,Orlando,15.5,Customer Visit
4/1/2016,4/1/2016,Business,Orlando,Kissimmee,20.3,Meeting
4/1/2016,4/1/2016,Personal,Kissimmee,Kissimmee,0.7,
4/2/2016,4/2/2016,Personal,Kissimmee,Kissimmee,5.5,
4/2/2016,4/2/2016,Personal,Kissimmee,Kissimmee,5.1,
4/2/2016,4/2/2016,Business,Kissimmee,Daytona Beach,77.3,Customer Visit
4/2/2016,4/2/2016,Business,Daytona Beach,Jacksonville,80.5,Customer Visit
4/2/2016,4/2/2016,Business,Jacksonville,Ridgeland,174.2,Customer Visit
4/2/2016,4/3/2016,Business,Ridgeland,Florence,144,Meeting
4/3/2016,4/3/2016,Business,Florence,Cary,159.3,Meeting
4/5/2016,4/5/2016,Business,Whitebridge,Wayne Ridge,7.9,Meal/Entertain
4/6/2016,4/6/2016,Business,Wayne Ridge,Whitebridge,8,Meal/Entertain
4/7/2016,4/7/2016,Business,Cary,Morrisville,6.1,Meal/Entertain
4/7/2016,4/7/2016,Business,Morrisville,Cary,6.1,Errand/Supplies
4/8/2016,4/8/2016,Business,Cary,Durham,10.5,Meeting
4/8/2016,4/8/2016,Business,Durham,Cary,8.7,Meal/Entertain
4/8/2016,4/8/2016,Business,Westpark Place,Whitebridge,1.8,Errand/Supplies
4/8/2016,4/8/2016,Business,Cary,Raleigh,19.1,Meeting
4/8/2016,4/8/2016,Business,Raleigh,Cary,18.6,Meeting
4/12/2016,4/12/2016,Business,Whitebridge,Edgehill Farms,2.8,Errand/Supplies
4/12/2016,4/12/2016,Business,Cary,Raleigh,8.9,Meeting
4/12/2016,4/12/2016,Business,Meredith,Cedar Hill,7.5,Customer Visit
4/12/2016,4/12/2016,Business,Raleigh,Morrisville,15.9,Meeting
4/12/2016,4/12/2016,Business,Morrisville,Cary,6.5,Meal/Entertain
4/14/2016,4/14/2016,Business,Cary,Holly Springs,15.3,Temporary Site
4/14/2016,4/14/2016,Business,Holly Springs,Cary,13.7,Temporary Site
4/15/2016,4/15/2016,Business,Cary,Raleigh,11.9,Temporary Site
4/15/2016,4/15/2016,Business,Meredith Townes,Harden Place,1.4,Errand/Supplies
4/15/2016,4/15/2016,Business,Raleigh,Cary,15.2,Meeting
4/16/2016,4/16/2016,Business,Cary,Morrisville,6,Errand/Supplies
4/16/2016,4/16/2016,Business,Morrisville,Cary,6.1,Meal/Entertain
4/19/2016,4/19/2016,Business,Whitebridge,Wayne Ridge,8.2,Meal/Entertain
4/19/2016,4/19/2016,Business,Wayne Ridge,Whitebridge,8,Meal/Entertain
4/22/2016,4/22/2016,Business,Cary,Raleigh,13.6,Meeting
4/22/2016,4/22/2016,Business,Raleigh,Cary,22.5,Meeting
4/22/2016,4/22/2016,Business,Cary,Durham,10.4,Meeting
4/22/2016,4/22/2016,Business,Durham,Cary,10,Meeting
4/23/2016,4/23/2016,Business,Whitebridge,Tanglewood,6,Meal/Entertain
4/23/2016,4/23/2016,Business,Tanglewood,Whitebridge,6.5,Meal/Entertain
4/24/2016,4/24/2016,Business,Cary,Morrisville,3.1,Errand/Supplies
4/24/2016,4/24/2016,Business,Chessington,Chessington,1.9,Errand/Supplies
4/24/2016,4/24/2016,Business,Morrisville,Cary,4.2,Between Offices
4/27/2016,4/27/2016,Business,Whitebridge,Burtrose,4.9,Between Offices
4/27/2016,4/27/2016,Business,Burtrose,Whitebridge,4.8,Between Offices
4/28/2016,4/28/2016,Business,Cary,Raleigh,12.4,Customer Visit
4/28/2016,4/28/2016,Business,Raleigh,Cary,32.8,Customer Visit
4/28/2016,4/28/2016,Business,Morrisville,Cary,5.5,Customer Visit
4/29/2016,4/29/2016,Business,Cary,Durham,9.9,Meeting
4/29/2016,4/29/2016,Business,Durham,Cary,10,Meeting
4/29/2016,4/29/2016,Business,Cary,Durham,14.2,Customer Visit
4/29/2016,4/29/2016,Business,Durham,Cary,18.2,Meeting
4/30/2016,4/30/2016,Business,Whitebridge,Waverly Place,7.7,Meal/Entertain
4/30/2016,4/30/2016,Business,Waverly Place,Whitebridge,6.8,
5/1/2016,5/1/2016,Business,Whitebridge,Westpark Place,2.1,Meal/Entertain
5/1/2016,5/1/2016,Business,Westpark Place,Whitebridge,2.3,
5/1/2016,5/1/2016,Business,Whitebridge,Tanglewood,6.2,Between Offices
5/1/2016,5/1/2016,Business,Tanglewood,Parkway,7.5,Meeting
5/1/2016,5/1/2016,Business,Parkway,Whitebridge,3.1,Errand/Supplies
5/2/2016,5/2/2016,Business,Whitebridge,Westpark Place,2.2,Errand/Supplies
5/2/2016,5/2/2016,Business,Westpark Place,Whitebridge,3.9,Meal/Entertain
5/3/2016,5/3/2016,Business,Morrisville,Cary,2.5,Meal/Entertain
5/4/2016,5/4/2016,Business,Cary,Morrisville,8.7,Meal/Entertain
5/4/2016,5/4/2016,Business,Mcvan,Capitol One,14.5,Errand/Supplies
5/4/2016,5/4/2016,Business,Capitol One,University District,4.5,Meal/Entertain
5/4/2016,5/4/2016,Business,University District,Capitol One,5,Meal/Entertain
5/5/2016,5/5/2016,Business,Seattle,Redmond,14.2,Meal/Entertain
5/5/2016,5/5/2016,Business,Redmond,Bellevue,2.9,Errand/Supplies
5/5/2016,5/6/2016,Business,Bellevue,Seattle,12.9,Meeting
5/6/2016,5/6/2016,Business,Capitol One,Mcvan,14.4,Meeting
5/6/2016,5/6/2016,Business,Chapel Hill,Morrisville,17,Meeting
5/6/2016,5/6/2016,Business,Morrisville,Cary,7.9,Customer Visit
5/9/2016,5/9/2016,Business,Cary,Morrisville,8.4,Customer Visit
5/9/2016,5/9/2016,Business,San Francisco,Palo Alto,20.5,Between Offices
5/9/2016,5/9/2016,Business,Palo Alto,Sunnyvale,9.8,Customer Visit
5/9/2016,5/9/2016,Business,Sunnyvale,Newark,17.6,Customer Visit
5/10/2016,5/10/2016,Business,Newark,Menlo Park,9.3,Customer Visit
5/10/2016,5/10/2016,Business,Menlo Park,Newark,7.9,Customer Visit
5/11/2016,5/11/2016,Business,Newark,San Francisco,25.6,Meeting
5/11/2016,5/11/2016,Business,Morrisville,Cary,8.1,Meeting
5/14/2016,5/14/2016,Business,Cary,Morrisville,3.1,Meal/Entertain
5/14/2016,5/14/2016,Business,Morrisville,Cary,3.1,Meal/Entertain
5/17/2016,5/17/2016,Business,Whitebridge,Preston,2.8,Errand/Supplies
5/17/2016,5/17/2016,Business,Preston,Westpark Place,2.7,Errand/Supplies
5/17/2016,5/17/2016,Business,Westpark Place,Whitebridge,1.9,Errand/Supplies
5/18/2016,5/18/2016,Business,Cary,Morrisville,8.4,Customer Visit
5/18/2016,5/18/2016,Business,Morrisville,Raleigh,7.6,Customer Visit
5/19/2016,5/19/2016,Business,Old City,Parkway Museums,2.9,Meal/Entertain
5/20/2016,5/20/2016,Business,Old City,Hog Island,11.2,Meeting
5/20/2016,5/20/2016,Business,Morrisville,Cary,8.2,Meal/Entertain
5/22/2016,5/22/2016,Business,Cary,Morrisville,3,Meal/Entertain
5/22/2016,5/22/2016,Business,Morrisville,Cary,2.5,Meal/Entertain
5/23/2016,5/23/2016,Business,Whitebridge,Savon Height,3.6,Meal/Entertain
5/23/2016,5/23/2016,Business,Savon Height,Whitebridge,3.6,Errand/Supplies
5/27/2016,5/27/2016,Business,Whitebridge,Kildaire Farms,4.5,Errand/Supplies
5/27/2016,5/27/2016,Business,Savon Height,Kilarney Woods,1.2,
5/27/2016,5/27/2016,Business,Kilarney Woods,Kildaire Farms,1.7,Errand/Supplies
5/28/2016,5/28/2016,Business,Kilarney Woods,Whitebridge,4.7,Errand/Supplies
5/28/2016,5/28/2016,Business,Cary,Morrisville,6.1,Meal/Entertain
5/28/2016,5/28/2016,Business,Morrisville,Cary,11.3,Customer Visit
5/31/2016,5/31/2016,Business,Cary,Raleigh,14.9,Meeting
5/31/2016,5/31/2016,Business,Raleigh,Cary,14,Meeting
5/31/2016,5/31/2016,Business,Westpark Place,Whitebridge,1.8,
6/1/2016,6/1/2016,Business,Cary,Morrisville,6.7,Customer Visit
6/1/2016,6/1/2016,Business,Morrisville,Cary,9.6,Meeting
6/3/2016,6/3/2016,Business,Cary,Durham,10.4,Meeting
6/3/2016,6/3/2016,Business,Durham,Cary,9.9,Meeting
6/3/2016,6/3/2016,Business,Cary,Morrisville,6,Meal/Entertain
6/3/2016,6/3/2016,Business,Townes at Everett Crossing,Chessington,3.3,Errand/Supplies
6/3/2016,6/3/2016,Business,Morrisville,Cary,3.1,Errand/Supplies
6/3/2016,6/3/2016,Business,Huntington Woods,Weston,1.7,Errand/Supplies
6/3/2016,6/3/2016,Business,Morrisville,Cary,4,Between Offices
6/5/2016,6/5/2016,Business,Whitebridge,Savon Height,7.8,Customer Visit
6/5/2016,6/5/2016,Business,Cary,Morrisville,7.8,Customer Visit
6/5/2016,6/5/2016,Business,Weston,Weston,3.8,Meal/Entertain
6/5/2016,6/5/2016,Business,Morrisville,Cary,2.5,Meal/Entertain
6/5/2016,6/5/2016,Business,Cary,Durham,9.9,Meeting
6/5/2016,6/6/2016,Business,Durham,Cary,9.9,Meeting
6/6/2016,6/6/2016,Business,Whitebridge,Hazelwood,3,Errand/Supplies
6/6/2016,6/6/2016,Business,Hazelwood,Whitebridge,2.4,Errand/Supplies
6/6/2016,6/6/2016,Business,Cary,Apex,5.7,Meal/Entertain
6/6/2016,6/6/2016,Business,Apex,Cary,7.2,Meal/Entertain
6/6/2016,6/6/2016,Business,Cary,Durham,10.4,Meeting
6/6/2016,6/6/2016,Business,Durham,Cary,9.9,Meeting
6/7/2016,6/7/2016,Business,Cary,Durham,10.4,Meeting
6/7/2016,6/8/2016,Business,Durham,Cary,9.9,Meeting
6/8/2016,6/8/2016,Business,Cary,Morrisville,8.7,Meal/Entertain
6/8/2016,6/8/2016,Business,Jamaica,New York,22.3,Errand/Supplies
6/8/2016,6/8/2016,Business,Seaport,Gramercy-Flatiron,3.3,Meal/Entertain
6/8/2016,6/8/2016,Business,Medical Centre,Tudor City,0.7,Errand/Supplies
6/8/2016,6/8/2016,Business,Rose Hill,Soho,2.5,Meal/Entertain
6/8/2016,6/8/2016,Business,Soho,Tribeca,0.5,Errand/Supplies
6/8/2016,6/8/2016,Business,Tribeca,Financial District,0.9,Errand/Supplies
6/8/2016,6/8/2016,Business,Financial District,Kips Bay,4.8,Errand/Supplies
6/10/2016,6/10/2016,Business,New York,Jamaica,16.3,Meeting
6/10/2016,6/10/2016,Business,Cary,Durham,10.4,Meeting
6/10/2016,6/11/2016,Business,Durham,Cary,9.9,Meeting
6/11/2016,6/11/2016,Business,Cary,Morrisville,3.7,Errand/Supplies
6/11/2016,6/11/2016,Business,Morrisville,Cary,4.6,Meal/Entertain
6/11/2016,6/11/2016,Business,Westpark Place,Whitebridge,1.7,
6/11/2016,6/11/2016,Business,Cary,Durham,10.4,Meeting
6/11/2016,6/12/2016,Business,Durham,Cary,9.9,Meeting
6/12/2016,6/12/2016,Business,Cary,Morrisville,2.5,Meal/Entertain
6/12/2016,6/12/2016,Business,Morrisville,Cary,4.3,Errand/Supplies
6/12/2016,6/12/2016,Business,Parkway,Whitebridge,2.8,Errand/Supplies
6/13/2016,6/13/2016,Business,Cary,Morrisville,8.4,Meal/Entertain
6/13/2016,6/13/2016,Business,Oakland,Emeryville,13.2,Meeting
6/13/2016,6/13/2016,Business,Emeryville,Berkeley,3.9,Meal/Entertain
6/13/2016,6/13/2016,Business,Berkeley,Oakland,5.1,Meal/Entertain
6/13/2016,6/13/2016,Business,Oakland,Unknown Location,5.2,Customer Visit
6/14/2016,6/14/2016,Business,Emeryville,San Francisco,9.8,
6/14/2016,6/14/2016,Business,San Francisco,Emeryville,11.6,Meeting
6/14/2016,6/14/2016,Business,Emeryville,Oakland,5.1,Meeting
6/14/2016,6/14/2016,Business,Downtown,Bay Farm Island,9.3,Errand/Supplies
6/15/2016,6/15/2016,Business,Kenner,New Orleans,12.4,Between Offices
6/15/2016,6/15/2016,Business,CBD,Lower Garden District,1.9,Between Offices
6/15/2016,6/15/2016,Business,Lower Garden District,Lakeview,6.4,Customer Visit
6/15/2016,6/15/2016,Personal,Lakeview,Storyville,5.5,
6/15/2016,6/15/2016,Business,Storyville,Faubourg Marigny,1.5,Meal/Entertain
6/16/2016,6/16/2016,Business,New Orleans,Metairie,14.5,
6/16/2016,6/16/2016,Business,Metairie,Kenner,2.7,
6/16/2016,6/16/2016,Business,Kenner,New Orleans,15,
6/16/2016,6/16/2016,Business,New Orleans,Kenner,12.9,
6/16/2016,6/16/2016,Business,Kenner,New Orleans,13.6,
6/17/2016,6/17/2016,Business,New Orleans,Kenner,12.2,
6/18/2016,6/18/2016,Business,Morrisville,Cary,8.7,
6/19/2016,6/19/2016,Business,Cary,Raleigh,6,
6/19/2016,6/19/2016,Business,Raleigh,Cary,5.9,
6/21/2016,6/21/2016,Business,Cary,Raleigh,19.3,
6/21/2016,6/21/2016,Business,Raleigh,Cary,16.6,Meal/Entertain
6/24/2016,6/24/2016,Business,Whitebridge,Waverly Place,7.1,Meal/Entertain
6/24/2016,6/24/2016,Business,Waverly Place,Macgregor Downs,2.1,Meal/Entertain
6/24/2016,6/24/2016,Business,Cary,Raleigh,8.6,Errand/Supplies
6/24/2016,6/24/2016,Business,Raleigh,Morrisville,9,Errand/Supplies
6/24/2016,6/24/2016,Business,Morrisville,Cary,3.1,Errand/Supplies
6/24/2016,6/24/2016,Business,Cary,Morrisville,8.4,Temporary Site
6/24/2016,6/24/2016,Business,Kenner,New Orleans,12.8,
6/25/2016,6/25/2016,Business,CBD,Bywater,4.5,
6/25/2016,6/25/2016,Business,New Orleans,Chalmette,11.8,Between Offices
6/25/2016,6/25/2016,Business,Chalmette,Arabi,1.1,Errand/Supplies
6/25/2016,6/25/2016,Business,Arabi,Metairie,17,Meal/Entertain
6/25/2016,6/25/2016,Business,Pontchartrain Shores,Pontchartrain Shores,1.7,Meeting
6/25/2016,6/25/2016,Business,Metairie,New Orleans,15.5,Meeting
6/25/2016,6/25/2016,Business,Storyville,Marigny,1.6,
6/25/2016,6/25/2016,Business,Marigny,Storyville,1.5,
6/26/2016,6/26/2016,Business,New Orleans,Kenner,12.6,Meeting
6/26/2016,6/26/2016,Business,Pontchartrain Shores,Pontchartrain Shores,4.8,
6/26/2016,6/26/2016,Business,Kenner,Kenner,2.2,
6/26/2016,6/26/2016,Business,Kenner,New Orleans,13,
6/27/2016,6/27/2016,Business,New Orleans,Covington,46.9,
6/27/2016,6/27/2016,Business,Covington,Covington,2.5,
6/27/2016,6/27/2016,Business,Covington,Covington,8.6,
6/27/2016,6/27/2016,Business,Covington,Covington,5.2,
6/27/2016,6/27/2016,Business,Covington,Covington,7.6,
6/27/2016,6/27/2016,Business,Covington,Covington,1.8,
6/27/2016,6/27/2016,Business,Covington,Mandeville,4.7,
6/27/2016,6/27/2016,Business,Mandeville,Mandeville,2.8,
6/27/2016,6/27/2016,Business,Mandeville,Metairie,30,
6/27/2016,6/27/2016,Business,Metairie,Kenner,4.4,
6/27/2016,6/27/2016,Business,Jamestown Court,Jamestown Court,1,
6/28/2016,6/28/2016,Business,Morrisville,Cary,8.2,Customer Visit
6/28/2016,6/28/2016,Business,Cary,Durham,10.4,Meeting
6/28/2016,6/28/2016,Business,Durham,Cary,9.9,Meeting
6/28/2016,6/28/2016,Business,Durham,Cary,9.9,Meeting
6/29/2016,6/29/2016,Business,Cary,Morrisville,7.3,
6/29/2016,6/29/2016,Business,Morrisville,Cary,7.4,
6/29/2016,6/29/2016,Business,Whitebridge,Westpark Place,1.6,
6/29/2016,6/29/2016,Business,Westpark Place,Whitebridge,1.8,
6/29/2016,6/29/2016,Business,Cary,Durham,10.4,Meeting
6/29/2016,6/30/2016,Business,Durham,Cary,9.9,Meeting
6/30/2016,6/30/2016,Business,Cary,Durham,9.9,Meeting
7/1/2016,7/1/2016,Business,Durham,Cary,9.9,Meeting
7/1/2016,7/1/2016,Business,Cary,Raleigh,13.3,Meeting
7/1/2016,7/1/2016,Business,Raleigh,Cary,11.3,Meeting
7/1/2016,7/1/2016,Business,Cary,Durham,10.5,Meeting
7/1/2016,7/2/2016,Business,Durham,Cary,9.9,Meeting
7/2/2016,7/2/2016,Business,Cary,Durham,10.1,Meeting
7/2/2016,7/3/2016,Business,Durham,Cary,9.9,Meeting
7/3/2016,7/3/2016,Business,Cary,Morrisville,3.1,Errand/Supplies
7/3/2016,7/3/2016,Business,Morrisville,Cary,3.1,Errand/Supplies
7/3/2016,7/3/2016,Business,Cary,Durham,9.9,Meeting
7/4/2016,7/4/2016,Business,Durham,Cary,9.9,Meeting
7/4/2016,7/4/2016,Business,Whitebridge,Summerwinds,8.8,Meeting
7/4/2016,7/4/2016,Business,Summerwinds,Whitebridge,8.7,Temporary Site
7/4/2016,7/4/2016,Business,Cary,Durham,11.8,Meeting
7/5/2016,7/5/2016,Business,Parkwood,Parkwood,1.2,Errand/Supplies
7/5/2016,7/5/2016,Business,Durham,Cary,9.9,Meeting
7/5/2016,7/5/2016,Business,Whitebridge,Whitebridge,0.6,Errand/Supplies
7/5/2016,7/5/2016,Business,Cary,Durham,9.9,
7/5/2016,7/5/2016,Business,Durham,Morrisville,8.6,
7/6/2016,7/6/2016,Business,Morrisville,Cary,6.3,Meal/Entertain
7/6/2016,7/6/2016,Business,Cary,Durham,9.9,Meeting
7/6/2016,7/6/2016,Business,Durham,Cary,9.9,
7/6/2016,7/6/2016,Business,Cary,Morrisville,3.3,Meal/Entertain
7/6/2016,7/6/2016,Business,Morrisville,Cary,3.1,Customer Visit
7/7/2016,7/7/2016,Business,Cary,Morrisville,7.9,Temporary Site
7/7/2016,7/7/2016,Business,Morrisville,Cary,8.9,
7/7/2016,7/7/2016,Business,Kenner,New Orleans,12.8,
7/8/2016,7/8/2016,Business,CBD,Pontchartrain Beach,7.7,
7/8/2016,7/8/2016,Business,Pontchartrain Beach,CBD,7,
7/8/2016,7/8/2016,Business,New Orleans,Metairie,12.5,
7/8/2016,7/8/2016,Business,Kenner,New Orleans,13.2,
7/9/2016,7/9/2016,Business,New Orleans,Kenner,13,
7/9/2016,7/9/2016,Business,Kenner,Metairie,4.9,
7/9/2016,7/9/2016,Business,Metairie,New Orleans,8.5,
7/10/2016,7/10/2016,Business,CBD,St Thomas,1.3,
7/10/2016,7/10/2016,Business,St Thomas,CBD,1.8,
7/10/2016,7/10/2016,Business,New Orleans,Kenner,13.6,
7/10/2016,7/10/2016,Business,Kenner,New Orleans,13.4,
7/12/2016,7/12/2016,Business,New Orleans,Kenner,12.3,
7/12/2016,7/12/2016,Personal,Kenner,Kenner,1.4,
7/12/2016,7/13/2016,Personal,Morrisville,Cary,8.7,
7/13/2016,7/13/2016,Personal,Cary,Morrisville,23.5,
7/13/2016,7/13/2016,Personal,Morrisville,Morrisville,2.2,
7/13/2016,7/13/2016,Personal,Morrisville,Cary,4.4,
7/14/2016,7/14/2016,Personal,Cary,Morrisville,3.3,
7/14/2016,7/14/2016,Business,Morrisville,Morrisville,11.8,Errand/Supplies
7/14/2016,7/14/2016,Business,Morrisville,Banner Elk,195.3,
7/15/2016,7/15/2016,Personal,Banner Elk,Banner Elk,8.3,
7/15/2016,7/15/2016,Personal,Banner Elk,Banner Elk,3.2,
7/15/2016,7/15/2016,Personal,Banner Elk,Elk Park,22.4,
7/15/2016,7/15/2016,Personal,Elk Park,Banner Elk,12.2,
7/15/2016,7/15/2016,Personal,Banner Elk,Banner Elk,4.5,
7/16/2016,7/16/2016,Personal,Banner Elk,Newland,28.1,
7/16/2016,7/16/2016,Personal,Newland,Newland,3.8,
7/16/2016,7/16/2016,Personal,Newland,Boone,41.9,
7/16/2016,7/16/2016,Personal,Boone,Banner Elk,23.8,
7/16/2016,7/16/2016,Personal,Banner Elk,Banner Elk,13,
7/16/2016,7/16/2016,Business,Banner Elk,Banner Elk,4.4,Errand/Supplies
7/17/2016,7/17/2016,Personal,Banner Elk,Boone,15.1,Charity ($)
7/17/2016,7/17/2016,Personal,Boone,Cary,180.2,Commute
7/18/2016,7/18/2016,Personal,Cary,Morrisville,4.1,Moving
7/18/2016,7/18/2016,Personal,Morrisville,Cary,6.1,Moving
7/18/2016,7/18/2016,Personal,Northwoods,Preston,3.3,Moving
7/18/2016,7/18/2016,Personal,Preston,Whitebridge,4.7,Moving
7/18/2016,7/18/2016,Business,Cary,Apex,7.2,Meeting
7/18/2016,7/18/2016,Business,Apex,Cary,5.5,Meal/Entertain
7/18/2016,7/18/2016,Business,Cary,Morrisville,3.3,Meal/Entertain
7/18/2016,7/18/2016,Business,Hazelwood,Weston,0.9,Errand/Supplies
7/18/2016,7/18/2016,Business,Morrisville,Cary,3.8,Meal/Entertain
7/19/2016,7/19/2016,Business,Whitebridge,Stonewater,6.4,Customer Visit
7/19/2016,7/19/2016,Business,Stonewater,Lexington Park at Amberly,3,Meeting
7/19/2016,7/19/2016,Business,Lexington Park at Amberly,Whitebridge,8.7,Meal/Entertain
7/19/2016,7/19/2016,Business,Whitebridge,Chessington,3.9,Errand/Supplies
7/19/2016,7/19/2016,Personal,Chessington,Whitebridge,4.8,
7/20/2016,7/20/2016,Personal,Whitebridge,Edgehill Farms,2.8,
7/20/2016,7/20/2016,Personal,Edgehill Farms,Preston,1.4,
7/20/2016,7/20/2016,Personal,Preston,Whitebridge,1.4,
7/21/2016,7/21/2016,Business,Whitebridge,Edgehill Farms,2.7,
7/21/2016,7/21/2016,Business,Edgehill Farms,Burtrose,2.3,
7/21/2016,7/21/2016,Business,Cary,Morrisville,3.7,
7/21/2016,7/21/2016,Business,Morrisville,Cary,2.9,
7/22/2016,7/22/2016,Business,Cary,Morrisville,3.8,
7/22/2016,7/22/2016,Business,Morrisville,Cary,5.1,
7/22/2016,7/22/2016,Business,Hazelwood,Lexington Park at Amberly,9.1,
7/22/2016,7/22/2016,Business,Cary,Durham,8,
7/22/2016,7/22/2016,Business,Durham,Cary,9.9,Meeting
7/22/2016,7/22/2016,Business,Cary,Morrisville,6.1,Meal/Entertain
7/22/2016,7/22/2016,Business,Morrisville,Cary,12.2,
7/22/2016,7/22/2016,Business,Wayne Ridge,Whitebridge,8,
7/23/2016,7/23/2016,Business,Cary,Morrisville,4,
7/23/2016,7/23/2016,Business,Morrisville,Cary,9.5,
7/23/2016,7/23/2016,Business,Cary,Morrisville,3,
7/23/2016,7/23/2016,Business,Morrisville,Cary,6.3,
7/23/2016,7/23/2016,Business,Cary,Durham,10.4,Meeting
7/23/2016,7/23/2016,Business,Durham,Cary,9.9,Meeting
7/25/2016,7/25/2016,Business,Whitebridge,Parkway,1.5,
7/25/2016,7/25/2016,Business,Cary,Morrisville,4.9,
7/25/2016,7/25/2016,Business,Morrisville,Cary,7.9,
7/25/2016,7/25/2016,Business,Parkway,Whitebridge,1.7,
7/26/2016,7/26/2016,Business,Whitebridge,Westpark Place,2.2,
7/26/2016,7/26/2016,Business,Westpark Place,Whitebridge,2.1,
7/26/2016,7/26/2016,Business,Cary,Morrisville,2.5,Meal/Entertain
7/26/2016,7/26/2016,Business,Morrisville,Cary,2.5,Meal/Entertain
7/27/2016,7/27/2016,Business,Cary,Morrisville,2.8,
7/27/2016,7/27/2016,Business,Morrisville,Raleigh,14.7,
7/27/2016,7/27/2016,Business,Raleigh,Morrisville,14.6,
7/28/2016,7/28/2016,Business,Morrisville,Cary,2.3,
7/29/2016,7/29/2016,Business,Whitebridge,Westpark Place,2.2,
7/29/2016,7/29/2016,Business,Westpark Place,Whitebridge,2.2,Meal/Entertain
7/30/2016,7/30/2016,Business,Cary,Durham,14,
7/30/2016,7/30/2016,Business,Durham,Cary,13.3,
7/31/2016,7/31/2016,Business,Westpark Place,Whitebridge,1.8,
8/1/2016,8/1/2016,Business,Whitebridge,Arlington Park at Amberly,6.2,
8/1/2016,8/1/2016,Business,Arlington Park at Amberly,Lexington Park at Amberly,1.3,
8/1/2016,8/1/2016,Business,Lexington Park at Amberly,Westpark Place,1.9,
8/1/2016,8/1/2016,Business,Cary,Apex,6.9,
8/1/2016,8/1/2016,Business,Apex,Cary,4.6,
8/1/2016,8/1/2016,Business,Whitebridge,Edgehill Farms,2.8,
8/1/2016,8/1/2016,Business,Cary,Morrisville,9.1,
8/1/2016,8/1/2016,Business,Morrisville,Cary,8.1,
8/2/2016,8/2/2016,Business,Cary,Morrisville,8.4,Meeting
8/2/2016,8/2/2016,Business,Arlington,Washington,4.9,
8/2/2016,8/2/2016,Business,Kalorama Triangle,K Street,1,
8/2/2016,8/2/2016,Business,K Street,Kalorama Triangle,1,
8/3/2016,8/3/2016,Business,West End,Northwest Rectangle,2,
8/3/2016,8/3/2016,Business,K Street,Kalorama Triangle,1.1,
8/3/2016,8/3/2016,Business,Kalorama Triangle,Downtown,1.5,
8/5/2016,8/5/2016,Business,Connecticut Avenue,Kalorama Triangle,1.3,
8/5/2016,8/5/2016,Business,Kalorama Triangle,Columbia Heights,1.8,
8/5/2016,8/5/2016,Business,Columbia Heights,Kalorama Triangle,1.5,
8/6/2016,8/6/2016,Business,Washington,Arlington,6.6,
8/6/2016,8/6/2016,Business,Morrisville,Cary,8,
8/7/2016,8/7/2016,Business,Whitebridge,Edgehill Farms,2.7,
8/7/2016,8/7/2016,Business,Edgehill Farms,Whitebridge,2.7,Customer Visit
8/7/2016,8/7/2016,Business,Cary,Morrisville,2.5,
8/7/2016,8/7/2016,Business,Morrisville,Cary,2.5,Meal/Entertain
8/8/2016,8/8/2016,Business,Whitebridge,Farmington Woods,5.2,
8/8/2016,8/8/2016,Business,Farmington Woods,Edgehill Farms,4,
8/8/2016,8/8/2016,Business,Edgehill Farms,Whitebridge,2.7,Customer Visit
8/8/2016,8/8/2016,Business,Cary,Morrisville,4.8,
8/8/2016,8/8/2016,Business,Morrisville,Cary,3.2,Customer Visit
8/9/2016,8/9/2016,Business,Whitebridge,Waverly Place,6.9,
8/9/2016,8/9/2016,Business,Cary,Raleigh,14.9,
8/9/2016,8/9/2016,Business,Raleigh,Cary,17.4,
8/10/2016,8/10/2016,Business,Cary,Durham,12.9,
8/10/2016,8/10/2016,Business,Durham,Apex,15.3,
8/10/2016,8/10/2016,Business,Apex,Apex,1,
8/10/2016,8/10/2016,Business,Apex,Cary,6,
8/11/2016,8/11/2016,Business,Whitebridge,Heritage Pines,2.2,
8/11/2016,8/11/2016,Business,Heritage Pines,Edgehill Farms,4.4,
8/11/2016,8/11/2016,Business,Edgehill Farms,Whitebridge,2.8,
8/11/2016,8/11/2016,Business,Cary,Wake Forest,31.7,
8/11/2016,8/11/2016,Business,Wake Forest,Cary,31.9,
8/12/2016,8/12/2016,Business,Whitebridge,Westpark Place,1.9,
8/12/2016,8/12/2016,Business,Westpark Place,Whitebridge,1.8,
8/13/2016,8/13/2016,Business,Cary,Morrisville,8.4,Meeting
8/15/2016,8/15/2016,Business,R?walpindi,Unknown Location,15.6,
8/15/2016,8/15/2016,Business,Unknown Location,Unknown Location,14.1,
8/15/2016,8/15/2016,Business,Unknown Location,Unknown Location,15.7,
8/15/2016,8/15/2016,Business,Unknown Location,Unknown Location,25.9,Temporary Site
8/16/2016,8/16/2016,Business,Unknown Location,Unknown Location,7.9,
8/16/2016,8/16/2016,Business,Unknown Location,Unknown Location,2.7,
8/16/2016,8/16/2016,Business,Unknown Location,Unknown Location,5.5,
8/16/2016,8/16/2016,Business,Unknown Location,Islamabad,5.7,
8/16/2016,8/16/2016,Business,Islamabad,Islamabad,1.2,
8/16/2016,8/16/2016,Business,Islamabad,Unknown Location,5.7,Temporary Site
8/16/2016,8/16/2016,Business,Unknown Location,Unknown Location,16.2,
8/17/2016,8/17/2016,Business,Unknown Location,Unknown Location,2.6,
8/17/2016,8/17/2016,Business,Unknown Location,Unknown Location,12.1,
8/17/2016,8/17/2016,Business,Unknown Location,R?walpindi,1.4,
8/17/2016,8/17/2016,Business,R?walpindi,Islamabad,6.4,
8/17/2016,8/17/2016,Business,Islamabad,Unknown Location,7.3,
8/17/2016,8/17/2016,Business,Unknown Location,Unknown Location,5.3,
8/17/2016,8/17/2016,Business,Unknown Location,Unknown Location,5.5,
8/17/2016,8/17/2016,Business,Unknown Location,Unknown Location,7.7,Temporary Site
8/18/2016,8/18/2016,Business,Unknown Location,Unknown Location,7.6,Temporary Site
8/19/2016,8/19/2016,Business,Unknown Location,Noorpur Shahan,7.6,
8/19/2016,8/19/2016,Business,Noorpur Shahan,Islamabad,3.3,
8/19/2016,8/19/2016,Business,Islamabad,R?walpindi,6.5,
8/19/2016,8/19/2016,Business,R?walpindi,Unknown Location,2,
8/19/2016,8/19/2016,Business,Unknown Location,Islamabad,5.7,
8/19/2016,8/19/2016,Business,Islamabad,Islamabad,3.2,
8/19/2016,8/19/2016,Business,Islamabad,Unknown Location,12.5,
8/21/2016,8/21/2016,Business,Unknown Location,Unknown Location,7.6,Airport/Travel
8/21/2016,8/21/2016,Business,Unknown Location,Unknown Location,7.7,
8/21/2016,8/21/2016,Business,Unknown Location,Islamabad,12.2,
8/21/2016,8/21/2016,Business,Islamabad,Islamabad,1.4,
8/21/2016,8/21/2016,Business,Islamabad,Unknown Location,20.2,
8/22/2016,8/22/2016,Business,Unknown Location,Islamabad,9.8,
8/22/2016,8/22/2016,Business,Islamabad,Unknown Location,6.3,
8/22/2016,8/22/2016,Business,Unknown Location,Islamabad,4.9,
8/22/2016,8/22/2016,Business,Islamabad,Islamabad,1.5,
8/22/2016,8/22/2016,Business,Islamabad,Unknown Location,10.9,
8/22/2016,8/22/2016,Business,Unknown Location,Unknown Location,19,
8/22/2016,8/22/2016,Business,Unknown Location,Unknown Location,19,
8/22/2016,8/22/2016,Business,Unknown Location,R?walpindi,7.9,
8/22/2016,8/22/2016,Business,R?walpindi,R?walpindi,4.1,
8/22/2016,8/22/2016,Business,R?walpindi,Unknown Location,18.7,
8/23/2016,8/23/2016,Business,Unknown Location,Noorpur Shahan,8.7,
8/23/2016,8/23/2016,Business,Noorpur Shahan,Unknown Location,7.5,
8/23/2016,8/23/2016,Business,Unknown Location,Noorpur Shahan,7.7,
8/23/2016,8/23/2016,Business,Noorpur Shahan,Islamabad,4.4,
8/23/2016,8/23/2016,Business,Islamabad,Unknown Location,5,
8/23/2016,8/23/2016,Business,Unknown Location,Unknown Location,1.9,
8/23/2016,8/23/2016,Business,Unknown Location,Unknown Location,7.9,
8/23/2016,8/23/2016,Business,Unknown Location,Unknown Location,17.7,
8/24/2016,8/24/2016,Business,Unknown Location,Unknown Location,25.2,
8/24/2016,8/24/2016,Business,Unknown Location,Unknown Location,96.2,
8/25/2016,8/25/2016,Business,Unknown Location,Unknown Location,35,
8/25/2016,8/25/2016,Business,Unknown Location,Unknown Location,5.5,
8/25/2016,8/25/2016,Business,Unknown Location,Unknown Location,50.4,
8/25/2016,8/25/2016,Business,Unknown Location,Lahore,9.2,
8/25/2016,8/25/2016,Business,Lahore,Unknown Location,7.3,
8/26/2016,8/26/2016,Business,Unknown Location,Unknown Location,5,
8/26/2016,8/26/2016,Business,Unknown Location,Unknown Location,3.8,
8/26/2016,8/26/2016,Business,Unknown Location,Lahore,3.9,
8/26/2016,8/26/2016,Business,Lahore,Lahore,7.4,
8/26/2016,8/26/2016,Business,Lahore,Lahore,1.5,
8/26/2016,8/26/2016,Business,Lahore,Unknown Location,7.9,
8/26/2016,8/26/2016,Business,Unknown Location,Lahore,2.9,
8/26/2016,8/26/2016,Business,Lahore,Lahore,3.4,
8/26/2016,8/26/2016,Business,Lahore,Lahore,3.8,
8/26/2016,8/26/2016,Business,Lahore,Unknown Location,5.9,
8/27/2016,8/27/2016,Business,Unknown Location,Lahore,9.6,
8/27/2016,8/27/2016,Business,Lahore,Lahore,7,
8/27/2016,8/27/2016,Business,Lahore,Lahore,0.9,
8/27/2016,8/27/2016,Business,Lahore,Unknown Location,86.6,
8/27/2016,8/27/2016,Business,Unknown Location,Unknown Location,156.9,
8/28/2016,8/28/2016,Business,Unknown Location,Noorpur Shahan,10.1,
8/28/2016,8/28/2016,Business,Noorpur Shahan,Islamabad,6.2,
8/28/2016,8/28/2016,Business,Islamabad,Islamabad,5.3,
8/28/2016,8/28/2016,Business,Islamabad,Unknown Location,12.1,
8/29/2016,8/29/2016,Business,Unknown Location,Islamabad,10.8,
8/29/2016,8/29/2016,Business,Islamabad,Islamabad,4.3,
8/29/2016,8/29/2016,Business,Islamabad,Islamabad,2.5,
8/29/2016,8/29/2016,Business,Islamabad,Unknown Location,5.7,Temporary Site
8/29/2016,8/29/2016,Business,Unknown Location,Islamabad,2.8,
8/29/2016,8/29/2016,Business,Islamabad,Unknown Location,4,
8/29/2016,8/29/2016,Business,Unknown Location,Islamabad,5.5,
8/29/2016,8/29/2016,Business,Islamabad,Islamabad,2.6,
8/30/2016,8/30/2016,Business,Unknown Location,Unknown Location,2.1,
8/30/2016,8/30/2016,Business,Unknown Location,Islamabad,8.8,
8/30/2016,8/30/2016,Business,Islamabad,Islamabad,4.4,
8/30/2016,8/30/2016,Business,Islamabad,Unknown Location,5.3,
8/30/2016,8/30/2016,Business,Unknown Location,Unknown Location,13,
9/1/2016,9/1/2016,Business,Unknown Location,Islamabad,13,
9/1/2016,9/1/2016,Business,Islamabad,Unknown Location,10.6,
9/1/2016,9/1/2016,Business,Unknown Location,Unknown Location,2.2,
9/2/2016,9/2/2016,Business,Unknown Location,Islamabad,9.2,
9/2/2016,9/2/2016,Business,Unknown Location,Unknown Location,12.9,
9/5/2016,9/5/2016,Business,Unknown Location,R?walpindi,17.2,
9/6/2016,9/6/2016,Business,Unknown Location,Unknown Location,69.1,
9/10/2016,9/10/2016,Business,Unknown Location,Unknown Location,2.8,
9/11/2016,9/11/2016,Business,Unknown Location,Unknown Location,8.6,
9/11/2016,9/11/2016,Business,Unknown Location,Unknown Location,9.8,
9/12/2016,9/12/2016,Business,Unknown Location,Unknown Location,3.6,
9/12/2016,9/12/2016,Business,Unknown Location,Unknown Location,1.7,
9/12/2016,9/12/2016,Business,Unknown Location,Unknown Location,11.5,
9/13/2016,9/13/2016,Business,Unknown Location,Unknown Location,0.7,
9/14/2016,9/14/2016,Business,Unknown Location,Unknown Location,0.7,
9/15/2016,9/15/2016,Business,Unknown Location,Unknown Location,0.9,
9/16/2016,9/16/2016,Business,Unknown Location,Unknown Location,1.6,
9/18/2016,9/18/2016,Business,Unknown Location,Unknown Location,9.4,
9/19/2016,9/19/2016,Business,R?walpindi,Unknown Location,18.2,
9/19/2016,9/19/2016,Business,Unknown Location,Islamabad,10.5,
9/19/2016,9/19/2016,Business,Islamabad,Unknown Location,5.7,
9/19/2016,9/19/2016,Business,Unknown Location,Unknown Location,18,
9/19/2016,9/19/2016,Business,Unknown Location,Islamabad,18.3,
9/20/2016,9/20/2016,Business,Islamabad,Unknown Location,16.5,
9/20/2016,9/20/2016,Business,Unknown Location,R?walpindi,9.6,
9/23/2016,9/23/2016,Business,Karachi,Karachi,2.9,
9/24/2016,9/24/2016,Business,Karachi,Unknown Location,8.2,
9/24/2016,9/24/2016,Business,Unknown Location,Unknown Location,2.4,
9/27/2016,9/27/2016,Business,Unknown Location,Unknown Location,5.8,
9/27/2016,9/27/2016,Business,Lahore,Lahore,9.8,
9/27/2016,9/27/2016,Business,Lahore,Unknown Location,7.3,
9/27/2016,9/28/2016,Business,Unknown Location,Unknown Location,195.6,
9/28/2016,9/28/2016,Business,Islamabad,Unknown Location,20.5,
9/29/2016,9/29/2016,Business,Unknown Location,Islamabad,12.6,
9/30/2016,9/30/2016,Business,Islamabad,Islamabad,37.7,
9/30/2016,9/30/2016,Business,Islamabad,Unknown Location,16.7,
10/3/2016,10/3/2016,Business,Unknown Location,Islamabad,10.5,
10/3/2016,10/3/2016,Business,Islamabad,Islamabad,2.8,
10/3/2016,10/3/2016,Business,Islamabad,Islamabad,1.6,
10/3/2016,10/3/2016,Business,Islamabad,Unknown Location,12.7,
10/4/2016,10/4/2016,Business,Unknown Location,Unknown Location,28.6,
10/4/2016,10/4/2016,Business,Unknown Location,Unknown Location,15.1,
10/6/2016,10/6/2016,Business,Unknown Location,R?walpindi,17.9,
10/6/2016,10/6/2016,Business,R?walpindi,Unknown Location,112.6,
10/6/2016,10/6/2016,Business,Unknown Location,Unknown Location,18.4,
10/6/2016,10/6/2016,Business,Unknown Location,Unknown Location,13.8,
10/7/2016,10/7/2016,Business,Unknown Location,Lahore,33.2,
10/7/2016,10/7/2016,Business,Lahore,Lahore,2.6,
10/7/2016,10/7/2016,Business,Lahore,Unknown Location,5.8,
10/7/2016,10/7/2016,Business,Unknown Location,Lahore,8.3,
10/7/2016,10/7/2016,Business,Lahore,Lahore,2.4,
10/7/2016,10/7/2016,Business,Lahore,Lahore,3.1,
10/7/2016,10/7/2016,Business,Lahore,Lahore,6.1,
10/8/2016,10/8/2016,Business,Karachi,Karachi,3.6,
10/8/2016,10/8/2016,Business,Karachi,Unknown Location,8,
10/9/2016,10/9/2016,Business,Unknown Location,Unknown Location,7.7,Temporary Site
10/10/2016,10/10/2016,Business,Islamabad,Islamabad,1.7,
10/10/2016,10/10/2016,Business,Islamabad,Unknown Location,9.5,
10/11/2016,10/11/2016,Business,Unknown Location,R?walpindi,17.1,Meeting
10/12/2016,10/12/2016,Business,R?walpindi,Unknown Location,18.4,
10/13/2016,10/13/2016,Business,Unknown Location,Islamabad,9.8,
10/13/2016,10/13/2016,Business,Islamabad,Islamabad,1,
10/13/2016,10/13/2016,Business,Islamabad,Islamabad,0.7,
10/13/2016,10/13/2016,Business,Islamabad,Islamabad,2.3,
10/13/2016,10/13/2016,Business,Islamabad,Unknown Location,10.9,
10/14/2016,10/14/2016,Business,Unknown Location,R?walpindi,12.7,
10/14/2016,10/14/2016,Business,R?walpindi,Unknown Location,12.4,
10/14/2016,10/14/2016,Business,Unknown Location,Unknown Location,3.8,
10/14/2016,10/15/2016,Business,Unknown Location,R?walpindi,17,Meeting
10/15/2016,10/15/2016,Business,Morrisville,Morrisville,6.2,
10/16/2016,10/16/2016,Business,Morrisville,Cary,3.1,
10/16/2016,10/16/2016,Business,Cary,Durham,10.5,Meeting
10/16/2016,10/16/2016,Business,Durham,Morrisville,8.1,
10/16/2016,10/16/2016,Business,Morrisville,Cary,3.1,
10/16/2016,10/16/2016,Business,Whitebridge,Parkway,2.1,Meeting
10/16/2016,10/16/2016,Business,Cary,Morrisville,4.3,
10/16/2016,10/16/2016,Business,Morrisville,Cary,2.5,Meal/Entertain
10/17/2016,10/17/2016,Business,Cary,Raleigh,20.6,
10/17/2016,10/17/2016,Business,Raleigh,Cary,17.6,
10/17/2016,10/17/2016,Business,Cary,Apex,5.6,
10/17/2016,10/17/2016,Business,Apex,Apex,3.3,
10/17/2016,10/17/2016,Business,Apex,Cary,5.3,
10/18/2016,10/18/2016,Business,Whitebridge,Edgehill Farms,3.3,
10/18/2016,10/18/2016,Business,Edgehill Farms,Whitebridge,3.3,
10/18/2016,10/18/2016,Business,Cary,Morrisville,7.9,Temporary Site
10/18/2016,10/18/2016,Business,Oakland,Emeryville,13,
10/18/2016,10/18/2016,Business,Emeryville,Berkeley,3,
10/18/2016,10/18/2016,Business,Berkeley,Emeryville,3,
10/19/2016,10/19/2016,Business,Emeryville,Oakland,3.8,
10/19/2016,10/19/2016,Business,Oakland,San Francisco,9.5,
10/19/2016,10/19/2016,Business,SOMISSPO,French Quarter,1.7,
10/19/2016,10/19/2016,Business,San Francisco,Berkeley,10.8,
10/19/2016,10/19/2016,Business,West Berkeley,North Berkeley Hills,4.1,
10/19/2016,10/19/2016,Business,North Berkeley Hills,Southside,2.2,
10/19/2016,10/19/2016,Business,Berkeley,Emeryville,4.6,
10/20/2016,10/20/2016,Business,Emeryville,Berkeley,3.1,
10/20/2016,10/20/2016,Business,Berkeley,San Jose,47.7,
10/20/2016,10/20/2016,Business,San Jose,Emeryville,44.6,
10/21/2016,10/21/2016,Business,Emeryville,Oakland,13.2,
10/22/2016,10/22/2016,Business,Morrisville,Cary,8.7,
10/22/2016,10/22/2016,Business,Cary,Raleigh,17.2,
10/22/2016,10/22/2016,Business,Raleigh,Cary,14,
10/23/2016,10/23/2016,Business,Cary,Raleigh,28.1,
10/23/2016,10/23/2016,Business,Raleigh,Cary,28.2,
10/23/2016,10/23/2016,Business,Cary,Morrisville,3.1,Meal/Entertain
10/23/2016,10/23/2016,Business,Morrisville,Cary,3.1,Customer Visit
10/24/2016,10/24/2016,Business,Cary,Durham,16.4,
10/24/2016,10/24/2016,Business,Durham,Morrisville,15.4,
10/24/2016,10/24/2016,Business,Morrisville,Cary,2.2,
10/25/2016,10/25/2016,Business,Cary,Apex,11.2,
10/25/2016,10/25/2016,Business,Apex,Eagle Rock,2.2,
10/25/2016,10/25/2016,Business,Eagle Rock,Cary,3.6,
10/25/2016,10/25/2016,Business,Whitebridge,Savon Height,3.6,Meal/Entertain
10/25/2016,10/25/2016,Business,Savon Height,Parkway,4.9,
10/25/2016,10/25/2016,Business,Parkway,Whitebridge,8.7,Errand/Supplies
10/26/2016,10/26/2016,Business,Whitebridge,Parkway,2.1,Meeting
10/26/2016,10/26/2016,Business,Parkway,Whitebridge,2.1,
10/27/2016,10/27/2016,Business,Cary,Morrisville,8.4,Meeting
10/27/2016,10/27/2016,Business,Morrisville,Morrisville,5.9,
10/27/2016,10/27/2016,Business,Huntington Woods,Huntington Woods,12.1,
10/27/2016,10/27/2016,Business,Huntington Woods,Weston,3.9,
10/27/2016,10/27/2016,Business,Morrisville,Cary,6.2,
10/28/2016,10/28/2016,Business,Cary,Durham,10.4,Meeting
10/28/2016,10/28/2016,Business,Durham,Cary,9.9,Meeting
10/28/2016,10/28/2016,Business,Cary,Winston Salem,107,Meeting
10/28/2016,10/28/2016,Business,Winston Salem,Asheville,133.6,Meeting
10/28/2016,10/28/2016,Business,Asheville,Topton,91.8,Meeting
10/29/2016,10/29/2016,Business,Topton,Hayesville,40.7,Meeting
10/29/2016,10/29/2016,Business,Hayesville,Topton,75.7,
10/30/2016,10/30/2016,Business,Topton,Bryson City,29.8,
10/30/2016,10/30/2016,Business,Bryson City,Bryson City,16.3,
10/30/2016,10/30/2016,Business,Bryson City,Bryson City,6.5,
10/30/2016,10/30/2016,Business,Bryson City,Bryson City,6.3,
10/30/2016,10/30/2016,Business,Bryson City,Almond,6.6,
10/30/2016,10/30/2016,Business,Almond,Bryson City,15.2,
10/30/2016,10/30/2016,Business,Bryson City,Asheville,68.4,
10/30/2016,10/30/2016,Business,Asheville,Mebane,195.9,
10/30/2016,10/30/2016,Business,Mebane,Cary,45.2,
10/31/2016,10/31/2016,Business,Cary,Morrisville,3.2,
10/31/2016,10/31/2016,Business,Morrisville,Raleigh,10.3,
10/31/2016,10/31/2016,Business,Raleigh,Cary,13.1,
10/31/2016,10/31/2016,Business,Savon Height,Whitebridge,9.6,Errand/Supplies
11/1/2016,11/1/2016,Business,Cary,Durham,16.5,
11/1/2016,11/1/2016,Business,Durham,Cary,12.8,
11/1/2016,11/1/2016,Business,Whitebridge,Whitebridge,1.2,
11/1/2016,11/1/2016,Business,Whitebridge,Whitebridge,1,
11/1/2016,11/1/2016,Business,Whitebridge,Whitebridge,4.1,
11/1/2016,11/1/2016,Business,Whitebridge,Whitebridge,4.2,Meal/Entertain
11/2/2016,11/2/2016,Business,Whitebridge,Westpark Place,1.4,
11/2/2016,11/2/2016,Business,Westpark Place,Whitebridge,1.8,
11/2/2016,11/2/2016,Business,Cary,Morrisville,8.5,Meeting
11/2/2016,11/2/2016,Business,Morrisville,Morrisville,5,
11/2/2016,11/2/2016,Business,Morrisville,Cary,3.8,
11/3/2016,11/3/2016,Business,Whitebridge,Hazelwood,2.5,
11/3/2016,11/3/2016,Business,Hazelwood,Whitebridge,2.4,
11/3/2016,11/3/2016,Business,Whitebridge,Westpark Place,1.4,
11/3/2016,11/3/2016,Business,Westpark Place,Whitebridge,1.8,
11/3/2016,11/3/2016,Business,Cary,Morrisville,3.1,Meal/Entertain
11/3/2016,11/3/2016,Business,Morrisville,Cary,3.1,Customer Visit
11/4/2016,11/4/2016,Business,Cary,Morrisville,7.9,Temporary Site
11/4/2016,11/4/2016,Business,San Jose,Santa Clara,3.8,
11/4/2016,11/4/2016,Business,Agnew,Cory,4.3,
11/4/2016,11/4/2016,Business,Cory,Agnew,3.9,
11/5/2016,11/5/2016,Business,Agnew,Renaissance,2.2,
11/5/2016,11/5/2016,Business,Renaissance,Agnew,2.8,
11/5/2016,11/5/2016,Business,Agnew,Agnew,2.2,
11/6/2016,11/6/2016,Business,Agnew,Renaissance,2.4,
11/6/2016,11/6/2016,Business,Renaissance,Agnew,2.8,Meeting
11/6/2016,11/6/2016,Business,Santa Clara,Berkeley,43.9,Customer Visit
11/6/2016,11/6/2016,Business,Downtown,West Berkeley,1.8,
11/6/2016,11/6/2016,Business,West Berkeley,Central,3.3,
11/7/2016,11/7/2016,Business,Berkeley,San Francisco,11.8,Between Offices
11/7/2016,11/7/2016,Business,San Francisco,Berkeley,13.2,Between Offices
11/8/2016,11/8/2016,Business,Berkeley,San Francisco,12.2,Between Offices
11/8/2016,11/8/2016,Business,San Francisco,Berkeley,11.3,Meeting
11/8/2016,11/8/2016,Business,Berkeley,Emeryville,3.6,
11/8/2016,11/8/2016,Business,Emeryville,Berkeley,3,
11/9/2016,11/9/2016,Business,Berkeley,San Francisco,11.4,
11/9/2016,11/9/2016,Business,NOMA,Downtown,0.9,
11/9/2016,11/9/2016,Business,Downtown,Sunnyside,6.2,
11/9/2016,11/9/2016,Business,Sunnyside,Ingleside,0.7,
11/9/2016,11/9/2016,Business,Ingleside,Potrero Flats,5.5,Meeting
11/9/2016,11/9/2016,Business,San Francisco,Oakland,12.7,Customer Visit
11/9/2016,11/9/2016,Business,Oakland,Berkeley,2.6,
11/9/2016,11/9/2016,Business,Central,Central,1.1,
11/10/2016,11/10/2016,Business,Berkeley,San Francisco,12.6,Temporary Site
11/10/2016,11/10/2016,Business,Tenderloin,SOMISSPO,1.2,
11/10/2016,11/10/2016,Business,SOMISSPO,Tenderloin,1.1,
11/10/2016,11/10/2016,Business,San Francisco,Oakland,9.9,Temporary Site
11/10/2016,11/10/2016,Business,Oakland,Berkeley,6,Meeting
11/10/2016,11/10/2016,Business,West Berkeley,Central,0.8,
11/11/2016,11/11/2016,Business,Berkeley,Menlo Park,45.9,Customer Visit
11/11/2016,11/11/2016,Business,Menlo Park,Palo Alto,4,
11/11/2016,11/11/2016,Business,Palo Alto,Menlo Park,2.5,
11/11/2016,11/11/2016,Business,Menlo Park,Berkeley,36.6,Customer Visit
11/11/2016,11/11/2016,Business,Central,College Avenue,2.9,
11/11/2016,11/11/2016,Business,College Avenue,Central,2.6,
11/12/2016,11/12/2016,Business,Central,South,2.3,
11/12/2016,11/12/2016,Business,South,Downtown,6.4,
11/12/2016,11/12/2016,Business,Downtown,Central,1.4,
11/12/2016,11/12/2016,Business,Central,West Berkeley,0.6,
11/12/2016,11/12/2016,Business,West Berkeley,South,5.9,Meeting
11/12/2016,11/12/2016,Business,South,Southwest Berkeley,0.8,
11/12/2016,11/12/2016,Business,Berkeley,Emeryville,1.3,
11/12/2016,11/12/2016,Business,Emeryville,Berkeley,3.7,Errand/Supplies
11/13/2016,11/13/2016,Business,Central,Central,2.3,
11/13/2016,11/13/2016,Business,Central,Central,2.6,
11/13/2016,11/13/2016,Business,Central,Southside,1.9,
11/13/2016,11/13/2016,Business,Southside,West Berkeley,2.1,
11/13/2016,11/13/2016,Business,West Berkeley,Southside,4,Meeting
11/13/2016,11/13/2016,Business,Southside,South Berkeley,0.9,
11/13/2016,11/13/2016,Business,South Berkeley,Southside,0.9,
11/13/2016,11/13/2016,Business,Southside,Central,2.4,
11/13/2016,11/13/2016,Business,Central,Southside,1.9,
11/13/2016,11/13/2016,Business,Southside,Central,1.9,
11/14/2016,11/14/2016,Business,Berkeley,Mountain View,44.6,Customer Visit
11/14/2016,11/14/2016,Business,Mountain View,Berkeley,43.6,Customer Visit
11/14/2016,11/14/2016,Business,Berkeley,Emeryville,2.5,
11/14/2016,11/14/2016,Business,Emeryville,Berkeley,3.7,Errand/Supplies
11/15/2016,11/15/2016,Business,Berkeley,Oakland,5.1,
11/15/2016,11/15/2016,Business,Oakland,San Francisco,9.7,Temporary Site
11/15/2016,11/15/2016,Business,San Francisco,Berkeley,11.8,Temporary Site
11/16/2016,11/16/2016,Business,Berkeley,El Cerrito,2.3,Temporary Site
11/16/2016,11/16/2016,Business,El Cerrito,Berkeley,3.1,Meal/Entertain
11/17/2016,11/17/2016,Business,Berkeley,Oakland,16.3,Customer Visit
11/18/2016,11/18/2016,Business,Cary,Morrisville,3.1,Meal/Entertain
11/18/2016,11/18/2016,Business,Morrisville,Cary,5.2,Meal/Entertain
11/18/2016,11/18/2016,Business,Krendle Woods,Whitebridge,6.1,Meeting
11/19/2016,11/19/2016,Business,Cary,Durham,10.3,Meeting
11/19/2016,11/19/2016,Business,Durham,Cary,10.5,Meeting
11/19/2016,11/19/2016,Business,Cary,Cary,1.5,
11/19/2016,11/19/2016,Business,Cary,Cary,1.8,
11/19/2016,11/19/2016,Business,Cary,Apex,5.4,Errand/Supplies
11/19/2016,11/19/2016,Business,Apex,Cary,5.4,Customer Visit
11/20/2016,11/20/2016,Business,Cary,Cary,39.2,Between Offices
11/20/2016,11/20/2016,Business,Cary,Cary,6.4,Customer Visit
11/20/2016,11/20/2016,Business,Cary,Cary,2.7,Meeting
11/20/2016,11/20/2016,Business,Cary,Cary,18.5,Errand/Supplies
11/21/2016,11/21/2016,Business,Cary,Cary,2.5,Meal/Entertain
11/21/2016,11/21/2016,Business,Cary,Cary,2.1,Meal/Entertain
11/21/2016,11/21/2016,Business,Cary,Unknown Location,6.7,Errand/Supplies
11/21/2016,11/21/2016,Business,Unknown Location,Morrisville,3.5,Meal/Entertain
11/21/2016,11/21/2016,Business,Morrisville,Cary,3.4,Errand/Supplies
11/22/2016,11/22/2016,Business,Cary,Cary,5.5,Meeting
11/22/2016,11/22/2016,Business,Cary,Cary,4.1,Meeting
11/22/2016,11/22/2016,Business,Cary,Cary,12.7,Customer Visit
11/22/2016,11/22/2016,Business,Cary,Morrisville,3,Meal/Entertain
11/22/2016,11/22/2016,Business,Morrisville,Cary,3.5,Customer Visit
11/23/2016,11/23/2016,Business,Cary,Cary,5.9,Meal/Entertain
11/23/2016,11/23/2016,Business,Cary,Cary,1.9,
11/23/2016,11/23/2016,Business,Cary,Cary,3.3,
11/23/2016,11/23/2016,Business,Cary,Cary,1.3,
11/25/2016,11/25/2016,Business,Cary,Durham,10.3,Meeting
11/25/2016,11/25/2016,Business,Durham,Cary,11.1,Meeting
11/26/2016,11/26/2016,Business,Cary,Cary,1.4,
11/26/2016,11/26/2016,Business,Cary,Apex,5.1,Meeting
11/26/2016,11/26/2016,Business,Apex,Holly Springs,9,Meeting
11/26/2016,11/26/2016,Business,Holly Springs,Cary,13.3,Between Offices
11/26/2016,11/26/2016,Business,Cary,Cary,2.5,Errand/Supplies
11/27/2016,11/27/2016,Business,Cary,Morrisville,3.3,Meal/Entertain
11/27/2016,11/27/2016,Business,Morrisville,Cary,2.9,
11/30/2016,11/30/2016,Business,Cary,Raleigh,8.5,Customer Visit
11/30/2016,11/30/2016,Business,Raleigh,Morrisville,6.7,Temporary Site
11/30/2016,11/30/2016,Business,Morrisville,Cary,3.1,
12/1/2016,12/1/2016,Business,Cary,Cary,5.5,Meeting
12/1/2016,12/1/2016,Business,Cary,Cary,5.5,Errand/Supplies
12/1/2016,12/1/2016,Business,Cary,Morrisville,2.9,Meal/Entertain
12/1/2016,12/1/2016,Business,Morrisville,Cary,2.9,Customer Visit
12/2/2016,12/2/2016,Business,Cary,Apex,5.1,Meal/Entertain
12/2/2016,12/2/2016,Business,Apex,Cary,5.3,Customer Visit
12/2/2016,12/2/2016,Business,Cary,Morrisville,3.3,Meal/Entertain
12/2/2016,12/2/2016,Business,Morrisville,Cary,3,Customer Visit
12/3/2016,12/3/2016,Business,Cary,Wake Co.,6.6,Errand/Supplies
12/3/2016,12/3/2016,Business,Wake Co.,Morrisville,1.8,
12/3/2016,12/3/2016,Business,Morrisville,Cary,3,Customer Visit
12/4/2016,12/4/2016,Business,Cary,Morrisville,2.9,Meal/Entertain
12/4/2016,12/4/2016,Business,Morrisville,Cary,3.4,Customer Visit
12/5/2016,12/5/2016,Business,Cary,Cary,4.1,
12/5/2016,12/5/2016,Business,Cary,Cary,3.8,Meal/Entertain
12/7/2016,12/7/2016,Business,Cary,Cary,6.6,Meeting
12/7/2016,12/7/2016,Business,Cary,Cary,4,Meeting
12/7/2016,12/7/2016,Business,Cary,Cary,7,Customer Visit
12/7/2016,12/7/2016,Business,Cary,Cary,6.9,Meal/Entertain
12/8/2016,12/8/2016,Business,Cary,Cary,3.4,Errand/Supplies
12/8/2016,12/8/2016,Business,Cary,Cary,3.4,Errand/Supplies
12/8/2016,12/8/2016,Business,Cary,Cary,2,Meeting
12/8/2016,12/8/2016,Business,Cary,Cary,2,Errand/Supplies
12/9/2016,12/9/2016,Business,Cary,Apex,5.1,Errand/Supplies
12/9/2016,12/9/2016,Business,Apex,Cary,8.8,Temporary Site
12/9/2016,12/9/2016,Business,Cary,Cary,5.6,Meeting
12/9/2016,12/9/2016,Business,Cary,Cary,18.9,Customer Visit
12/10/2016,12/10/2016,Business,Cary,Fuquay-Varina,15.6,Meeting
12/10/2016,12/10/2016,Business,Fuquay-Varina,Cary,15.6,Errand/Supplies
12/10/2016,12/10/2016,Business,Cary,Morrisville,3,Meal/Entertain
12/10/2016,12/10/2016,Business,Morrisville,Cary,3.1,Customer Visit
12/11/2016,12/11/2016,Business,Cary,Morrisville,3,Meal/Entertain
12/11/2016,12/11/2016,Business,Morrisville,Cary,4.8,Errand/Supplies
12/11/2016,12/11/2016,Business,Cary,Cary,2.1,Errand/Supplies
12/12/2016,12/12/2016,Business,Cary,Cary,3.1,Errand/Supplies
12/12/2016,12/12/2016,Business,Cary,Apex,4.4,Meal/Entertain
12/12/2016,12/12/2016,Business,Apex,Cary,4.7,Customer Visit
12/12/2016,12/12/2016,Business,Cary,Morrisville,3,Meal/Entertain
12/12/2016,12/12/2016,Business,Morrisville,Cary,3,Customer Visit
12/13/2016,12/13/2016,Business,Cary,Cary,4.2,Errand/Supplies
12/13/2016,12/13/2016,Business,Cary,Cary,4.1,Meal/Entertain
12/14/2016,12/14/2016,Business,Cary,Cary,3.4,
12/14/2016,12/14/2016,Business,Cary,Cary,3.3,
12/14/2016,12/14/2016,Business,Cary,Morrisville,3,Meal/Entertain
12/14/2016,12/14/2016,Business,Morrisville,Cary,3.1,Customer Visit
12/15/2016,12/15/2016,Business,Cary,Morrisville,10.6,Meeting
12/17/2016,12/17/2016,Business,Unknown Location,Unknown Location,4.8,Airport/Travel
12/17/2016,12/17/2016,Business,Unknown Location,Unknown Location,5.3,Temporary Site
12/18/2016,12/18/2016,Business,Unknown Location,Unknown Location,4.9,Errand/Supplies
12/18/2016,12/18/2016,Business,Unknown Location,Unknown Location,10.2,Errand/Supplies
12/18/2016,12/18/2016,Business,Unknown Location,Unknown Location,9.2,
12/19/2016,12/19/2016,Business,Unknown Location,Islamabad,7.7,Errand/Supplies
12/19/2016,12/19/2016,Business,Islamabad,Rawalpindi,5.9,Temporary Site
12/19/2016,12/19/2016,Business,Rawalpindi,Unknown Location,0.7,Errand/Supplies
12/19/2016,12/19/2016,Business,Unknown Location,Unknown Location,1.3,
12/19/2016,12/19/2016,Business,Unknown Location,Unknown Location,2.5,
12/19/2016,12/19/2016,Business,Unknown Location,Unknown Location,5.3,
12/19/2016,12/19/2016,Business,Unknown Location,Unknown Location,5.4,
12/19/2016,12/19/2016,Business,Unknown Location,Rawalpindi,10.2,Customer Visit
12/19/2016,12/19/2016,Business,Rawalpindi,Islamabad,7.2,Customer Visit
12/19/2016,12/19/2016,Business,Islamabad,Unknown Location,2.2,
12/19/2016,12/19/2016,Business,Unknown Location,Unknown Location,11,Meeting
12/20/2016,12/20/2016,Business,Unknown Location,Rawalpindi,12,
12/20/2016,12/20/2016,Business,Rawalpindi,Rawalpindi,3.3,Errand/Supplies
12/20/2016,12/20/2016,Business,Rawalpindi,Unknown Location,19.4,Meeting
12/20/2016,12/20/2016,Business,Unknown Location,Unknown Location,1.7,Errand/Supplies
12/20/2016,12/20/2016,Business,Unknown Location,Islamabad,5.7,Temporary Site
12/20/2016,12/20/2016,Business,Islamabad,Islamabad,1.8,Errand/Supplies
12/20/2016,12/20/2016,Business,Islamabad,Islamabad,1.4,Errand/Supplies
12/20/2016,12/20/2016,Business,Islamabad,Unknown Location,10.3,Customer Visit
12/21/2016,12/21/2016,Business,Unknown Location,Unknown Location,11.5,Meeting
12/21/2016,12/21/2016,Business,Unknown Location,Islamabad,4.9,Errand/Supplies
12/21/2016,12/21/2016,Business,Islamabad,Unknown Location,3.5,Meal/Entertain
12/21/2016,12/21/2016,Business,Unknown Location,Unknown Location,16.2,Meeting
12/21/2016,12/21/2016,Business,Unknown Location,Unknown Location,2,Errand/Supplies
12/21/2016,12/21/2016,Business,Unknown Location,Islamabad,2.1,Errand/Supplies
12/21/2016,12/21/2016,Business,Islamabad,Islamabad,2.1,Meeting
12/21/2016,12/21/2016,Business,Islamabad,Unknown Location,7.2,Customer Visit
12/21/2016,12/21/2016,Business,Unknown Location,Rawalpindi,12,Meeting
12/21/2016,12/21/2016,Business,Rawalpindi,Unknown Location,103,Meeting
12/22/2016,12/22/2016,Business,Unknown Location,Unknown Location,32.3,Meeting
12/22/2016,12/22/2016,Business,Unknown Location,Unknown Location,5.3,Customer Visit
12/22/2016,12/22/2016,Business,Unknown Location,Unknown Location,11.6,Meeting
12/22/2016,12/22/2016,Business,Unknown Location,Unknown Location,23.2,Meeting
12/22/2016,12/22/2016,Business,Unknown Location,Unknown Location,3.2,Errand/Supplies
12/22/2016,12/22/2016,Business,Unknown Location,Unknown Location,12.3,Temporary Site
12/22/2016,12/22/2016,Business,Unknown Location,Lahore,14,Meeting
12/22/2016,12/22/2016,Business,Lahore,Lahore,2.1,Meal/Entertain
12/22/2016,12/22/2016,Business,Lahore,Lahore,2.1,Customer Visit
12/23/2016,12/23/2016,Business,Lahore,Lahore,3,Meeting
12/23/2016,12/23/2016,Business,Lahore,Unknown Location,6.2,Meeting
12/23/2016,12/23/2016,Business,Unknown Location,Unknown Location,9.6,Meeting
12/23/2016,12/23/2016,Business,Unknown Location,Unknown Location,1.3,Errand/Supplies
12/23/2016,12/23/2016,Business,Unknown Location,Lahore,7.1,Meal/Entertain
12/24/2016,12/24/2016,Business,Lahore,Unknown Location,6.3,Meal/Entertain
12/24/2016,12/24/2016,Business,Unknown Location,Lahore,10.7,Meal/Entertain
12/24/2016,12/24/2016,Business,Lahore,Lahore,5.3,Meal/Entertain
12/24/2016,12/24/2016,Business,Lahore,Lahore,1.6,Errand/Supplies
12/24/2016,12/24/2016,Business,Lahore,Lahore,3.6,Errand/Supplies
12/24/2016,12/24/2016,Business,Lahore,Lahore,1.7,Errand/Supplies
12/24/2016,12/24/2016,Business,Lahore,Lahore,2.9,Meal/Entertain
12/24/2016,12/24/2016,Business,Lahore,Lahore,0.6,Errand/Supplies
12/25/2016,12/25/2016,Business,Lahore,Lahore,0.6,Errand/Supplies
12/25/2016,12/25/2016,Business,Lahore,Lahore,2.3,Meal/Entertain
12/25/2016,12/25/2016,Business,Lahore,Lahore,2.3,Meal/Entertain
12/26/2016,12/26/2016,Business,Lahore,Lahore,3.2,Meal/Entertain
12/26/2016,12/26/2016,Business,Lahore,Lahore,6.2,Customer Visit
12/26/2016,12/26/2016,Business,Lahore,Lahore,7.7,Customer Visit
12/26/2016,12/26/2016,Business,Lahore,Lahore,3.8,Customer Visit
12/26/2016,12/26/2016,Business,Lahore,Unknown Location,7.9,Meeting
12/27/2016,12/27/2016,Business,Kar?chi,Kar?chi,4.9,Temporary Site
12/27/2016,12/27/2016,Business,Kar?chi,Kar?chi,5,Meal/Entertain
12/27/2016,12/27/2016,Business,Kar?chi,Kar?chi,0.6,Meal/Entertain
12/27/2016,12/27/2016,Business,Kar?chi,Unknown Location,3.1,Customer Visit
12/27/2016,12/27/2016,Business,Unknown Location,Kar?chi,7.9,Meeting
12/27/2016,12/27/2016,Business,Kar?chi,Kar?chi,5.5,Customer Visit
12/28/2016,12/28/2016,Business,Kar?chi,Unknown Location,10.3,Meal/Entertain
12/28/2016,12/28/2016,Business,Unknown Location,Kar?chi,10.4,Errand/Supplies
12/28/2016,12/28/2016,Business,Kar?chi,Kar?chi,2,Errand/Supplies
12/28/2016,12/28/2016,Business,Kar?chi,Unknown Location,8.5,Meal/Entertain
12/28/2016,12/28/2016,Business,Unknown Location,Kar?chi,4.4,Errand/Supplies
12/28/2016,12/28/2016,Business,Kar?chi,Kar?chi,3.8,Errand/Supplies
12/28/2016,12/28/2016,Business,Kar?chi,Kar?chi,5.1,Errand/Supplies
12/29/2016,12/29/2016,Business,Kar?chi,Kar?chi,3.8,Errand/Supplies
12/29/2016,12/29/2016,Business,Kar?chi,Unknown Location,11.6,Meal/Entertain
12/29/2016,12/29/2016,Business,Unknown Location,Kar?chi,11.9,Meal/Entertain
12/29/2016,12/29/2016,Business,Kar?chi,Kar?chi,1.4,Errand/Supplies
12/29/2016,12/29/2016,Business,Kar?chi,Kar?chi,1.1,Errand/Supplies
12/29/2016,12/29/2016,Business,Kar?chi,Kar?chi,4.1,Airport/Travel
12/29/2016,12/29/2016,Business,Kar?chi,Kar?chi,6.1,Between Offices
12/29/2016,12/29/2016,Business,Kar?chi,Kar?chi,1.3,Errand/Supplies
12/29/2016,12/29/2016,Business,Kar?chi,Unknown Location,3,Meal/Entertain
12/29/2016,12/29/2016,Business,Unknown Location,Kar?chi,4.1,Customer Visit
12/29/2016,12/29/2016,Business,Kar?chi,Kar?chi,7.2,Meeting
12/29/2016,12/29/2016,Business,Kar?chi,Unknown Location,6.4,
12/29/2016,12/29/2016,Business,Unknown Location,Kar?chi,12.9,Meeting
12/30/2016,12/30/2016,Business,Kar?chi,Kar?chi,2.8,Errand/Supplies
12/30/2016,12/30/2016,Business,Kar?chi,Kar?chi,2.9,Errand/Supplies
12/30/2016,12/30/2016,Business,Kar?chi,Kar?chi,4.6,Errand/Supplies
12/30/2016,12/30/2016,Business,Kar?chi,Kar?chi,4.6,Meeting
12/30/2016,12/30/2016,Business,Kar?chi,Kar?chi,0.8,Customer Visit
12/31/2016,12/31/2016,Business,Kar?chi,Kar?chi,0.7,Meeting
12/31/2016,12/31/2016,Business,Kar?chi,Unknown Location,3.9,Temporary Site
12/31/2016,12/31/2016,Business,Unknown Location,Unknown Location,16.2,Meeting
12/31/2016,12/31/2016,Business,Katunayake,Gampaha,6.4,Temporary Site
12/31/2016,12/31/2016,Business,Gampaha,Ilukwatta,48.2,Temporary Site
